标题,标题1,作者,内容
第一版 要闻,中共中央政治局召开会议,,"新华社北京2月22日电 中共中央政治局2月22日召开会议，讨论国务院拟提请第十三届全国人民代表大会第二次会议审议的《政府工作报告》稿，审议《关于2018年中央巡视工作领导小组重点工作情况报告》、《关于中央脱贫攻坚专项巡视情况的综合报告》和《党政领导干部考核工作条例》。中共中央总书记习近平主持会议。
会议认为，过去一年，面对复杂严峻的国际形势和艰巨繁重的改革发展稳定任务，以习近平同志为核心的党中央团结带领全党全国各族人民砥砺奋进、攻坚克难，完成全年经济社会发展主要目标任务，决胜全面建成小康社会取得新的重大进展。
会议强调，今年是新中国成立70周年，是全面建成小康社会、实现第一个百年奋斗目标的关键之年。面对新形势新任务新挑战，做好政府工作，要在以习近平同志为核心的党中央坚强领导下，以习近平新时代中国特色社会主义思想为指导，全面贯彻党的十九大和十九届二中、三中全会精神，统筹推进“五位一体”总体布局，协调推进“四个全面”战略布局，坚持稳中求进工作总基调，坚持新发展理念，坚持推动高质量发展，坚持以供给侧结构性改革为主线，坚持深化市场化改革、扩大高水平开放，加快建设现代化经济体系，继续打好三大攻坚战，着力激发微观主体活力，创新和完善宏观调控，统筹推进稳增长、促改革、调结构、惠民生、防风险工作，保持经济运行在合理区间，进一步稳就业、稳金融、稳外贸、稳外资、稳投资、稳预期，提振市场信心，增强人民群众获得感、幸福感、安全感，保持经济持续健康发展和社会大局稳定，为全面建成小康社会收官打下决定性基础，以优异成绩庆祝中华人民共和国成立70周年。
会议指出，实现今年经济社会发展目标任务，要统筹实施好宏观政策、结构性政策、社会政策，落实好积极的财政政策、稳健的货币政策和就业优先政策。要着力优化营商环境，培育壮大新动能，促进形成强大国内市场，推进脱贫攻坚和乡村振兴，促进区域协调发展，加强污染防治和生态文明建设，深化重点领域改革，推动全方位对外开放，更好保障和改善民生。要加强政府自身建设，坚决反对一切形式主义、官僚主义，崇尚实干，埋头苦干，努力干出无愧于时代和人民的新业绩。
会议对中央巡视工作领导小组2018年的工作给予肯定，同意其对2019年的工作安排。会议认为，过去一年，中央巡视工作忠诚履行党章赋予的职责，把“两个维护”作为根本任务，坚持发现问题和整改落实并重，取得了新成效。会议强调，要准确把握形势任务，深化监督规律认识，加强政治监督，深入查找贯彻落实党的路线方针政策和党中央重大决策部署存在的政治偏差，坚决整治形式主义、官僚主义。要坚持巡视工作方针，突出问题导向，把巡视与纪检、监察、组织、审计等监督贯通起来，高质量推进全覆盖。要建立巡视整改日常监督机制，推动整改常态化长效化。要完善巡视巡察格局，建立指导督导机制，促进上下联动、上下贯通。要加强规范化建设，使巡视工作更加有效。
会议强调，开展脱贫攻坚专项巡视非常必要。脱贫攻坚成效显著，但也存在一些共性问题，要用好专项巡视成果，强化整改落实，促进精准脱贫攻坚。各级党组织要强化责任担当，聚焦深度贫困地区脱贫攻坚，坚持目标标准不动摇，贯彻精准方略不懈怠，切实抓好今明两年脱贫攻坚工作。要结合巡视发现的问题，深入开展扶贫领域腐败和作风问题专项治理，加强贫困地区基层党建和干部队伍建设，优化脱贫攻坚政策，完善工作机制，确保如期完成脱贫攻坚任务。
会议指出，制定《党政领导干部考核工作条例》，对推动解决当前干部考核工作和干部队伍存在的突出问题，激励引导广大干部以更好的状态、更实的作风带头贯彻落实党中央决策部署，确保全党统一意志、统一行动、步调一致前进，具有重要意义。要坚持干部考核正确导向，坚持严管和厚爱结合、激励和约束并重，聚焦实践实干实效，在各级领导班子和领导干部中树立讲担当、重担当、改革创新、干事创业的鲜明导向，使政治坚定、奋发有为的干部得到褒奖和鼓励，使慢作为、不作为、乱作为的干部受到警醒和惩戒，使求真务实在全党全社会蔚然成风。要旗帜鲜明把政治标准贯穿干部考核工作始终，确保各级领导班子和领导干部在政治立场、政治方向、政治原则、政治道路上同以习近平同志为核心的党中央保持高度一致。要完善干部考核方式方法和结果运用，综合运用平时考核、年度考核、专项考核、任期考核四种方式，实现干部考核经常化、制度化、全覆盖，强化党组织的领导把关作用，增强考核的针对性，实行分级分类考核，把考核结果与选拔任用、培养教育、管理监督、激励约束、追责问责等紧密结合起来，最大限度调动各级领导班子和领导干部积极性、主动性、创造性。各级党委（党组）及其组织（人事）部门要把《条例》贯彻落实好，为建设一支信念坚定、为民服务、勤政务实、敢于担当、清正廉洁的高素质党政领导干部队伍，为实现“两个一百年”奋斗目标、实现中华民族伟大复兴的中国梦提供坚强组织保证。"
第一版 要闻,挖出实绩 考出干劲,,"本报郑州讯 （通讯员 苗田）在2018年驻村干部考核工作中，郑州科学谋划、有序实施，考出了实绩、考出了干劲儿。
各县（市）区由党委组织部、扶贫办、第一书记派出单位和所驻乡镇联合组成考核组，按照自查总结、述职测评、个别谈话、实地查看、确定等次建议的步骤组织实施考核。各县（市）区上报考核等次建议后，市委组织部开展入村走访，实地查看查验，横向对比、综合研判，确保考准考实。
以考核为契机，深入挖业绩、全面晒成绩。对推荐为优秀等次的驻村干部，收集整理500字“干货”实绩；围绕驻村四项职责，持续挖掘典型事迹。考核期间，还利用微信公众号，展示每支市派工作队风采、介绍驻村成效、报道驻村动态。不少第一书记说，“看到自己做的点点滴滴被关注报道，很有成就感，今年要继续撸起袖子加油干！”。"
第一版 要闻,以“四个过硬”锤炼人社干部,,"今年是新中国成立70周年，是决胜全面建成小康社会第一个百年奋斗目标的关键之年。围绕这一重要历史节点，扎实做好人力资源社会保障工作，具有特殊重要的意义。各级人社部门要政治上看齐更高标准、思想上看齐更高境界、工作上看齐更高要求，勇于担当作为、锐意改革创新，锤炼一支忠诚干净担当的高素质人社干部队伍，不断推动人社事业高质量发展。
要有过硬的政治素质。做好人社工作牵涉群众利益、关系人心向背、事关党的执政基础，政治性在人社部门显得尤为突出。必须把政治性作为第一属性，把讲政治作为第一要求，旗帜鲜明讲政治。第一位的，就是要坚决维护习近平总书记党中央的核心、全党的核心地位，坚决维护党中央权威和集中统一领导。要牢固树立“四个意识”，坚持向中心聚焦、为大局聚力，坚决把习近平总书记的重要指示批示和党中央的决策部署贯彻落实到人社工作全过程各方面。要始终把维护好最广大人民群众的根本利益作为工作的根本出发点和落脚点，把以人民为中心的发展思想在人社领域真正落到实处。要把严格遵守政治纪律和政治规矩作为安身立命的“压舱石”，时刻遵守“五个必须”，做到“四个服从”。要自觉强化政治意识，突出政治属性，遇事多想政治要求、办事多想政治规矩、处事多想政治影响，始终做到政治信仰不变、政治立场不移、政治方向不偏。
要有过硬的责任担当。把使命放在心上，把责任扛在肩上，是一代代共产党人传承赓续的精神品格，也是人社干部队伍敢担当、能战斗的力量所在。担当不是在口头上，而是要体现在干事创业的方方面面，体现在应对大事难事的能力，体现在干部的精神状态上。要拿出最大的气力干实事，有一股做不好工作就食不甘味、寝不安席的劲头，苦中练、累中练、难事上练。要敢于伸手揽活、出手相助、接手担责，在揽事扛事上提高水平，在攻坚克难中增长胆识才干，关键时刻站得住、顶得上、扛得起。要以“等不得、坐不住”的紧迫感，以务实的态度、实干的精神，把本职工作当作担当有为的舞台，不断攻坚克难、积小胜为大胜。
要有过硬的能力本事。“绳短不能汲深井，浅水难以负大舟。”推动人社事业改革发展，不仅要有担当的宽肩膀，还要有成事的真本领。要坚持底线思维，凡事从最坏处准备，努力争取最好的结果，守牢“底板”。要坚持问题导向，从领导关心、群众关注、社会关切的突出问题出发，查找问题、直面问题、聚焦问题、捯根问题，最终解决问题，补齐“短板”。要坚持特色思路，充分发挥人社部门的职能优势，用好“长板”。要善于辩证思考、科学统筹，准确把握事物发展内外条件变化、长期短期变化的辩证关系，把做好当前工作与实现长治久安统筹起来考虑。要勤于实践、勇于创新，不断增长脚力、眼力、脑力、笔力，对知识储备来一次再丰富，对素养能力来一次再升级，成为本领域的行家里手、“人社通”。
要有过硬的工作作风。作风关乎命运、决定成败，干部作风是群众观察评价人社行风的晴雨表。要更有斗争精神，做敢于斗争的“战士”，不做爱惜羽毛的“绅士”，自觉同各种违背原则、违反党纪党规、损害党中央权威、损害群众利益的现象作坚决斗争。要敢于迎难而上，严密防范规模性失业、社保基金支付能力、劳动关系、人事考试安全等重点领域风险隐患。要力戒形式主义、官僚主义，驰而不息纠正“四风”，坚决防止以会议落实会议、以文件落实文件，防止简单依葫芦画瓢。要“摁住葫芦抠籽儿”“拉锯掉末儿”，实打实推进工作。要更严谨细致，把自己摆进去、把职责摆进去，按照更高标准提高工作质量，从做没做、有没有，向好不好、优不优转变。要更务实扎实，把各项业务的基础打牢，为不断提高工作水平提供坚实支撑。"
第一版 要闻,奋力推进组织工作高质量发展,,"本报杭州讯 （通讯员 浙祖轩）2月20日至21日，浙江召开全省组织部长会议，部署今年工作任务，同时围绕推动组织工作高质量发展进行研讨培训。省委常委、组织部长黄建发出席会议并讲话。会议指出，今年组织工作要牢牢把握高质量发展这一目标，着力提高谋划工作、研究具体举措、推进工作落实的质量，更好地增强政治性、体现时代性、把握规律性、富有创造性，努力实现组织工作全面质量、全程质量。
会议强调，要进一步提高政治站位，着眼高水平谱写新时代中国特色社会主义浙江篇章彰显担当作为。坚决做到“两个维护”，切实提高政治建设水平、察深识准党员干部政治表现、增强领导干部政治能力。做好干部培育、选拔、管理、使用工作，大力锻造敢于担当敢于斗争的高素质队伍。全面增强基层党组织政治功能和组织力，不断推动组织体系、整体建设、队伍建设、作用发挥从有向严、强、优、好提升。实施更加积极开放有效的人才政策，通过靶向引才、优化服务等，打造近悦远来的最优生态。把握好稳健低调与积极奋发、高站位谋划与创造性落实、运用信息技术与面对面做工作等方面的辩证统一，不断增强科学性实效性。带头做到绝对可靠绝对忠诚，以实际行动回答好“在位干什么、能够干成什么、能够留下什么”的履职之问。"
第一版 要闻,为实现总目标提供坚强组织保证,,"本报乌鲁木齐讯 （通讯员 辛祖轩）2月18日，新疆召开全区组织部长会议，研究部署2019年重点工作任务。自治区党委常委、组织部长纪峥出席会议并讲话。
会议强调，做好2019年全区组织工作，要以习近平新时代中国特色社会主义思想为指导，树牢“四个意识”、坚定“四个自信”、坚决做到“两个维护”，以党的政治建设为统领，聚焦总目标、推进“1+3+3+改革开放”工作部署，为维护新疆社会大局持续稳定、推动各项事业全面进步提供坚强组织保证，以优异成绩庆祝新中国成立70周年。
会议要求，必须深刻领悟习近平总书记关于党的建设和组织工作一系列重要指示批示精神，准确把握组织工作在新时代应有的担当作为。要加强领导班子和领导干部政治素质考察，激励干部担当作为，培养选拔优秀年轻干部，锻造善于斗争的过硬队伍；要全面加强农村基层党组织建设，提升城市基层党建质量，统筹推进各领域基层党建工作，常态化常效化制度化推进“访惠聚”驻村工作；要强化对人才的政治引领和政治吸纳，优化人才资源战略性配置，激发人才创新创造活力；要从严加强自身建设，打造“政治上绝对可靠、对党绝对忠诚”的组织部门和组工干部队伍。"
第一版 要闻,江苏举行交流任职干部座谈会,,"本报南京讯 （通讯员 苏组宣）2月18日，江苏召开交流任职省管干部座谈会。省委常委、组织部长郭文奇出席会议并讲话。
在认真听取交流干部发言后，郭文奇勉励大家要争做“政治忠诚靠得住”的干部，不断树牢“四个意识”、坚定“四个自信”，坚决做到“两个维护”，自觉做政治上的明白人，不当“两面人”；要争做“担当作为本领强”的干部，勤于学习、善于思考、勇于任事，坚持在干中学、学中干，真正把经历变成经验、把阅历变成能力；要争做“思想解放善创造”的干部，以宽阔的胸襟视野、强烈的创新意识、高度的负责精神干事创业；要争做“心系群众有温度”的干部，把群众心声作为谋事之基，把群众福祉作为发展之要，认真把人民群众的操心事、烦心事、揪心事真真切切地解决好；要争做“廉洁自律过得硬”的干部，调得好心态，把得住细节，守得住底线，清清白白做人、干干净净干事，确保行得稳、走得远。
郭文奇指出，推动干部交流任职，是干部健康成长的有效途径，是领导机关与基层干部群众保持密切联系的重要桥梁，也是统筹组织资源、推动事业发展的迫切需要。要充分认识抓好这项工作的重要意义，始终以强烈的责任担当，以鲜明的问题导向，以科学的系统思维，把这项工作抓得更实、做得更好。工作谋划突出系统性，交流选配突出精准性，制度机制突出长效性，关心关爱突出全面性，让交流干部干事有劲头、发展有奔头。"
第一版 要闻,万名党员赶坡会惠民政策送基层,,"
近日，广西融水苗族自治县开展“万名党员赶坡会·惠民政策送基层”活动。党员干部走进苗族坡会，为群众讲解政策、解答难题，助力脱贫攻坚和乡村振兴。图为党员干部在江竹村向群众宣传健康知识。 龙林智 摄"
第一版 要闻,企校携手浇灌“金种子”,,"本报青岛讯 （通讯员 张馨元）近日，青岛市委组织部、市人社局、市财政局联合下发全市“金种子”人才储备工程实施细则，计划从国内“双一流建设大学”和国外大学遴选一批优秀在校学生，与市内企业签订人才信用合同，学生毕业后按照合同约定来青就业，以人才储备的方式集聚一批助推新旧动能转换的高素质人才。
企业为入选的学生提供学费补助、生活补助和实习补助等三方面补贴。其中，学费补助比例由企业自行确定；对硕士和博士研究生，每年给予一定额度的生活补贴；对入选人才的实习工作进行安排，并给予实习补助。同时，财政部门给予接收人才企业一定补贴。
人才储备工程采取“先确认、签订信用合同、到岗再补贴”的方式，企业根据发展需要，通过筛选、面试、公示等流程，拟定本单位“金种子”人才名单，并签订信用合同。“金种子”人才按照合同约定，向所在企业申请补助资金。企业发放补助资金后，需及时到人社部门指定系统填报有关信息备案，并上传信用合同和相关凭证。"
第二版 组织工作,国务院任免国家工作人员,,"本报北京讯 国务院任免国家工作人员。
任命张汉晖为外交部副部长；任命刘显法为外交部部长助理。
免去李惠来的外交部部长助理职务；免去顾朝曦的民政部副部长职务。"
第二版 组织工作,量化考评干部政治表现,,"本报广州讯 （通讯员 张杰钊）为突出政治标准选拔任用干部，破解政治表现相对抽象、难以量化、不易考察的问题，近日，广州市白云区出台《关于考察评价区管干部政治表现的实施办法》，对干部的政治表现既有定性的评判，也进行百分制量化考核评定。
该区设置双向指标，实现政治标准考评由虚向实。围绕政治忠诚、政治定力、政治担当、政治能力、政治自律5个指标，制定政治表现正向测评表和负面清单评议表，从正反两个方面考察评价干部的政治表现。正向测评涵括对党忠诚、信念坚定、敢于担当、能力出众、纪律作风等5项内容，分为优秀、合格、基本合格、不合格4个等次。反向测评梳理出跟组织讨价还价、漏报个人有关事项、本人或配偶参与违法建设等45条负面清单具体情形，根据情节轻重，具体区分为“一票否决”和“量化评分”情形，做到考核标准可衡量、易操作。
为防止恶意“刷差评”问题的出现，该区明确要求，在正向测评中勾选基本合格（含）以下等次的，需在负面清单中填写相应的项目。
坚持把一时与一贯、定性与定量、正向与反向结合起来，注重用事例和事实说话，该区全面、历史、辩证地评价干部。通过开展专项测评，掌握多维信息评定干部政治表现。在年度考核或提拔考察测评中，增加政治表现测评环节，发放正向测评表和负面清单评议表，按百分制量化评价结果，以正向测评表为基础分。如果考评指标出现基本合格、不合格等两种情形，则需审查负面清单显示的问题，对分值进行相应扣减。结合平时考核、专项考核、走访调研、来信来访等，及时收集掌握干部负面清单所列的情形。区委组织部牵头，联合纪委、宣传、审计等8个部门，每季度召开联席会议，多维“会诊”干部的政治表现和政治素养。定期召开部务会进行分析研判，确定认定意见。若属“一票否决”情形的，该干部政治表现直接评为不合格；若属“量化评分”情形的，根据每一项的情节轻重，在干部政治表现基础分上相应扣减5到10分。扣减后的得分为干部的政治表现得分。
该区建立干部“一人一政治档案”制度，及时将政治表现得分情况归入个人政治档案。同时，把通过巡视巡察、干部考核、个人有关事项报告、经济责任审计、信访举报等途径掌握的干部违规违纪和政治表现问题等方面信息入库存档，实行动态管理。
强化考评结果运用，该区坚决挡住政治上不合格的干部。将政治表现评价结果作为干部培训、提拔、评优、表彰、嘉奖等工作的重要参考，对政治表现不合格的一律不列为拟提拔考察对象，对已在领导岗位的一律坚决调整下来。明确年度考核政治表现得分在90分以下的，原则上不作为提拔的动议人选和考核评优对象；80分以下的，年度考核不能评为称职或以上等次，并启动干部提醒谈话、函询、诫勉或组织调整程序；干部考察测评中，政治表现得分在90分以下的考察对象不得提拔。
"
第二版 组织工作,广西钟山“六字诀”知事识人,,"本报钟山讯 （通讯员 程辉标）2018年以来，广西钟山县坚决贯彻落实新时代好干部标准，加快健全完善“日常考核、分类考核、近距离考核”的知事识人体系，创新推行考准考实干部的看、听、访、查、评、用“六字诀”，大力发现和挖掘新时代新担当新作为干部。
该县坚持在常态工作中“看”干部能力，把考察识别干部的功夫下在平常、抓在经常、融在日常，既看干部在日常工作中落实党委政府中心工作的责任担当，又看干部在处理重大问题时的方式方法，全面核准干部个人工作素质能力；坚持在基层干部群众中“听”干部作风，以贯彻落实谈心谈话制度为抓手，深入基层干部群众中了解干部口碑，到干部个人的工作圈、生活圈、社交圈中了解干部作风；坚持在实地调研中“访”干部实情，结合日常干部走访、工作调研和业务性工作指导，以明察暗访的方式考察了解干部实情；坚持在档案材料中“查”干部忠诚，严格落实领导干部“凡提四必”要求，不断将干部档案审查关口前移，不断充实完善干部个人档案信息，通过“三龄两历”、领导干部个人有关事项报告等基本信息核查，全面了解干部个人家庭背景、廉洁自律等基本情况，精准识别干部“忠诚度”；坚持在实绩考核中“评”干部作为，结合组织生活会测评、单位年终考评、干部推荐综合测评、领导干部年度述职评议等考评干部的方式方法，充分了解干部个人的综合素质、业绩表现、缺点不足、谋划思路等方面的情况，以个人自评、干部职工测评、组织考评的方式全面考准干部实干作为；坚持在适宜岗位上“用”干部所长，推进干部能上能下，结合对干部个人的考察识别等情况，综合干部个人自身专业、性格特点、履历经验等，进行综合评价，拟定提拔任用、交流调整、降职免职和进一步使用等干部选拔任用的意见，为县委精准科学选人用人提供有效参考和可靠依据。
截至目前，该县已研究人事调整6批149人次。其中，提拔任用27人、进一步使用1人、平级交流116人、调下干部5人。"
第二版 组织工作,浙江庆元一事一评议动态考干部,,"本报庆元讯 （通讯员 叶丽丽）为避免年终考核“填填表、画画圈”的形式主义，进一步精准识人，2018年以来，浙江庆元县实行一线动态跟踪考察干部工作机制，通过“一人一项目、一事一评议”，及时了解和掌握干部表现。
该工作机制考察对象为2018年抽调在8大指挥部、8项重点工作推进办公室的249名干部，以及从事招商引资、大搬快治、信访维稳等其他阶段性重点工作的22名干部。考察内容主要为政治表现和工作表现，除考察“五个政治标准”外，重点考察干部在承办具体事项中发挥的作用、取得的实绩、完成的目标等。该县成立6个一线跟踪考察组，指定组工干部跟踪联系1个以上重点项目，采取实地考察、谈心谈话、列席会议、群众评价、业绩核实等方法，了解掌握一线干部现实表现，每季度按好、较好、一般进行分析研判比选。目前，共建立一线干部动态档案271份，建立干部项目业绩表271份，撰写评议报告42份，切实将干部考在平时。"
第二版 组织工作,图片报道,,"
为牢固树立“绿水青山就是金山银山”的发展理念，贵州龙里县把生态文明建设摆在更加突出的位置。近日，该县开展以“建设多彩贵州 走向生态文明新时代”为主题的义务植树活动，组织广大干部以实际行动为龙里大地增添新绿，全力以赴打好生态建设攻坚战。 龙毅 杨序成 岳安凤 摄影报道"
第二版 组织工作,江苏金湖链式工作法规范干部选任,,"本报金湖讯 （通讯员 尚俊良 刘胜强）近年来，江苏金湖县通过建立“一图一单一表”，将干部选拔任用工作细分为一个个工作链条，推动干部选任工作规范化。
该县绘制干部选拔任用工作流程简图，规范各项工作环节的具体步骤及前后顺序，做到前置流程未结束，后续工作不启动。严格执行“六不”纪律规定：没有职数，不动议；不具资格，不提名；民意不高，不考察；考察异常，不上会；研究分歧，不通过；公示存疑，不任用。编制干部选拔任用工作事项清单，将干部选用工作细分为5个环节、57件事项。对每件事项“谁来做、做什么、怎么做、做到什么标准”进行明确，对各类表格和需归档材料形成统一模板。编制干部选拔任用工作政策依据表，列举有关政策依据、规定要求197条，便于查询和对照。"
第二版 组织工作,以“四个过硬”锤炼人社干部,,"今年是新中国成立70周年，是决胜全面建成小康社会第一个百年奋斗目标的关键之年。围绕这一重要历史节点，扎实做好人力资源社会保障工作，具有特殊重要的意义。各级人社部门要政治上看齐更高标准、思想上看齐更高境界、工作上看齐更高要求，勇于担当作为、锐意改革创新，锤炼一支忠诚干净担当的高素质人社干部队伍，不断推动人社事业高质量发展。
要有过硬的政治素质。做好人社工作牵涉群众利益、关系人心向背、事关党的执政基础，政治性在人社部门显得尤为突出。必须把政治性作为第一属性，把讲政治作为第一要求，旗帜鲜明讲政治。第一位的，就是要坚决维护习近平总书记党中央的核心、全党的核心地位，坚决维护党中央权威和集中统一领导。要牢固树立“四个意识”，坚持向中心聚焦、为大局聚力，坚决把习近平总书记的重要指示批示和党中央的决策部署贯彻落实到人社工作全过程各方面。要始终把维护好最广大人民群众的根本利益作为工作的根本出发点和落脚点，把以人民为中心的发展思想在人社领域真正落到实处。要把严格遵守政治纪律和政治规矩作为安身立命的“压舱石”，时刻遵守“五个必须”，做到“四个服从”。要自觉强化政治意识，突出政治属性，遇事多想政治要求、办事多想政治规矩、处事多想政治影响，始终做到政治信仰不变、政治立场不移、政治方向不偏。
要有过硬的责任担当。把使命放在心上，把责任扛在肩上，是一代代共产党人传承赓续的精神品格，也是人社干部队伍敢担当、能战斗的力量所在。担当不是在口头上，而是要体现在干事创业的方方面面，体现在应对大事难事的能力，体现在干部的精神状态上。要拿出最大的气力干实事，有一股做不好工作就食不甘味、寝不安席的劲头，苦中练、累中练、难事上练。要敢于伸手揽活、出手相助、接手担责，在揽事扛事上提高水平，在攻坚克难中增长胆识才干，关键时刻站得住、顶得上、扛得起。要以“等不得、坐不住”的紧迫感，以务实的态度、实干的精神，把本职工作当作担当有为的舞台，不断攻坚克难、积小胜为大胜。
要有过硬的能力本事。“绳短不能汲深井，浅水难以负大舟。”推动人社事业改革发展，不仅要有担当的宽肩膀，还要有成事的真本领。要坚持底线思维，凡事从最坏处准备，努力争取最好的结果，守牢“底板”。要坚持问题导向，从领导关心、群众关注、社会关切的突出问题出发，查找问题、直面问题、聚焦问题、捯根问题，最终解决问题，补齐“短板”。要坚持特色思路，充分发挥人社部门的职能优势，用好“长板”。要善于辩证思考、科学统筹，准确把握事物发展内外条件变化、长期短期变化的辩证关系，把做好当前工作与实现长治久安统筹起来考虑。要勤于实践、勇于创新，不断增长脚力、眼力、脑力、笔力，对知识储备来一次再丰富，对素养能力来一次再升级，成为本领域的行家里手、“人社通”。
要有过硬的工作作风。作风关乎命运、决定成败，干部作风是群众观察评价人社行风的晴雨表。要更有斗争精神，做敢于斗争的“战士”，不做爱惜羽毛的“绅士”，自觉同各种违背原则、违反党纪党规、损害党中央权威、损害群众利益的现象作坚决斗争。要敢于迎难而上，严密防范规模性失业、社保基金支付能力、劳动关系、人事考试安全等重点领域风险隐患。要力戒形式主义、官僚主义，驰而不息纠正“四风”，坚决防止以会议落实会议、以文件落实文件，防止简单依葫芦画瓢。要“摁住葫芦抠籽儿”“拉锯掉末儿”，实打实推进工作。要更严谨细致，把自己摆进去、把职责摆进去，按照更高标准提高工作质量，从做没做、有没有，向好不好、优不优转变。要更务实扎实，把各项业务的基础打牢，为不断提高工作水平提供坚实支撑。"
第二版 组织工作,山西洪洞“三有三经常”强化培训,,"本报洪洞讯 （通讯员 陈鑫 徐静 张金金）去年以来，山西洪洞县紧紧围绕建设高素质专业化干部队伍目标，坚持“三有三经常”，进一步抓实抓细干部培训工作。
“三有”，即年初有计划，每年年初研究出台干部教育培训计划；落实有目标，要求全县科级干部每年学习教育培训不少于110个学时，进行季度通报和督查；考核有标准，全面推行“两本双会三台账四通报一问效”制度，把干部教育培训成效纳入年度目标责任考核体系。“三经常”，即党性锻炼经常化，全面推行主题党日、给党员过政治生日等活动，每年举办1期党校主体培训班，强化政治理论学习；能力培养经常化，每两个月举办一次“槐乡干部大讲堂”；实践锻炼经常化，每年选派优秀年轻干部赴外地挂职锻炼。"
第二版 组织工作,中共中央政治局召开会议,,"新华社北京2月22日电 中共中央政治局2月22日召开会议，讨论国务院拟提请第十三届全国人民代表大会第二次会议审议的《政府工作报告》稿，审议《关于2018年中央巡视工作领导小组重点工作情况报告》、《关于中央脱贫攻坚专项巡视情况的综合报告》和《党政领导干部考核工作条例》。中共中央总书记习近平主持会议。
会议认为，过去一年，面对复杂严峻的国际形势和艰巨繁重的改革发展稳定任务，以习近平同志为核心的党中央团结带领全党全国各族人民砥砺奋进、攻坚克难，完成全年经济社会发展主要目标任务，决胜全面建成小康社会取得新的重大进展。
会议强调，今年是新中国成立70周年，是全面建成小康社会、实现第一个百年奋斗目标的关键之年。面对新形势新任务新挑战，做好政府工作，要在以习近平同志为核心的党中央坚强领导下，以习近平新时代中国特色社会主义思想为指导，全面贯彻党的十九大和十九届二中、三中全会精神，统筹推进“五位一体”总体布局，协调推进“四个全面”战略布局，坚持稳中求进工作总基调，坚持新发展理念，坚持推动高质量发展，坚持以供给侧结构性改革为主线，坚持深化市场化改革、扩大高水平开放，加快建设现代化经济体系，继续打好三大攻坚战，着力激发微观主体活力，创新和完善宏观调控，统筹推进稳增长、促改革、调结构、惠民生、防风险工作，保持经济运行在合理区间，进一步稳就业、稳金融、稳外贸、稳外资、稳投资、稳预期，提振市场信心，增强人民群众获得感、幸福感、安全感，保持经济持续健康发展和社会大局稳定，为全面建成小康社会收官打下决定性基础，以优异成绩庆祝中华人民共和国成立70周年。
会议指出，实现今年经济社会发展目标任务，要统筹实施好宏观政策、结构性政策、社会政策，落实好积极的财政政策、稳健的货币政策和就业优先政策。要着力优化营商环境，培育壮大新动能，促进形成强大国内市场，推进脱贫攻坚和乡村振兴，促进区域协调发展，加强污染防治和生态文明建设，深化重点领域改革，推动全方位对外开放，更好保障和改善民生。要加强政府自身建设，坚决反对一切形式主义、官僚主义，崇尚实干，埋头苦干，努力干出无愧于时代和人民的新业绩。
会议对中央巡视工作领导小组2018年的工作给予肯定，同意其对2019年的工作安排。会议认为，过去一年，中央巡视工作忠诚履行党章赋予的职责，把“两个维护”作为根本任务，坚持发现问题和整改落实并重，取得了新成效。会议强调，要准确把握形势任务，深化监督规律认识，加强政治监督，深入查找贯彻落实党的路线方针政策和党中央重大决策部署存在的政治偏差，坚决整治形式主义、官僚主义。要坚持巡视工作方针，突出问题导向，把巡视与纪检、监察、组织、审计等监督贯通起来，高质量推进全覆盖。要建立巡视整改日常监督机制，推动整改常态化长效化。要完善巡视巡察格局，建立指导督导机制，促进上下联动、上下贯通。要加强规范化建设，使巡视工作更加有效。
会议强调，开展脱贫攻坚专项巡视非常必要。脱贫攻坚成效显著，但也存在一些共性问题，要用好专项巡视成果，强化整改落实，促进精准脱贫攻坚。各级党组织要强化责任担当，聚焦深度贫困地区脱贫攻坚，坚持目标标准不动摇，贯彻精准方略不懈怠，切实抓好今明两年脱贫攻坚工作。要结合巡视发现的问题，深入开展扶贫领域腐败和作风问题专项治理，加强贫困地区基层党建和干部队伍建设，优化脱贫攻坚政策，完善工作机制，确保如期完成脱贫攻坚任务。
会议指出，制定《党政领导干部考核工作条例》，对推动解决当前干部考核工作和干部队伍存在的突出问题，激励引导广大干部以更好的状态、更实的作风带头贯彻落实党中央决策部署，确保全党统一意志、统一行动、步调一致前进，具有重要意义。要坚持干部考核正确导向，坚持严管和厚爱结合、激励和约束并重，聚焦实践实干实效，在各级领导班子和领导干部中树立讲担当、重担当、改革创新、干事创业的鲜明导向，使政治坚定、奋发有为的干部得到褒奖和鼓励，使慢作为、不作为、乱作为的干部受到警醒和惩戒，使求真务实在全党全社会蔚然成风。要旗帜鲜明把政治标准贯穿干部考核工作始终，确保各级领导班子和领导干部在政治立场、政治方向、政治原则、政治道路上同以习近平同志为核心的党中央保持高度一致。要完善干部考核方式方法和结果运用，综合运用平时考核、年度考核、专项考核、任期考核四种方式，实现干部考核经常化、制度化、全覆盖，强化党组织的领导把关作用，增强考核的针对性，实行分级分类考核，把考核结果与选拔任用、培养教育、管理监督、激励约束、追责问责等紧密结合起来，最大限度调动各级领导班子和领导干部积极性、主动性、创造性。各级党委（党组）及其组织（人事）部门要把《条例》贯彻落实好，为建设一支信念坚定、为民服务、勤政务实、敢于担当、清正廉洁的高素质党政领导干部队伍，为实现“两个一百年”奋斗目标、实现中华民族伟大复兴的中国梦提供坚强组织保证。"
第二版 组织工作,云南开远“8090”计划培养年轻干部,,"本报开远讯 （通讯员 李江）近年来，云南开远市加大年轻干部培养力度，实施“8090”计划，促使年轻干部快速成长。
该县坚持分类储备、动态调整、重点培养，发现储备一批紧缺专业的年轻后备干部。通过任职、挂职、选派驻村等方式，安排年轻干部到乡镇（街道）和脱贫攻坚一线、重点工作中进行锻炼。通过对扶贫攻坚一线、重点项目建设、年轻干部的3个专项研判，全面考察了解年轻后备干部在各项工作中的整体表现，对年轻干部的任职经历、专业特长、气质特点等进行综合分析并重点培养，在干部调整时优先考虑。去年以来，已提拔5名优秀年轻干部到重要岗位任职。"
第三版 人才,万家灯火我来守护,,"
“工人院士回来啦，老姜，这回你又多了个外号！”门卫孙师傅打趣地说。
“老孙，你还别说，这回拿的这个奖，我真是高兴！”身穿深蓝色工装的姜广敏腼腆地笑了。
姜广敏说自己是一名地地道道的一线工人，同事们都叫他专家、工匠明星，而外界都称他全国劳动模范、全国技术能手、国网工匠……前不久，姜广敏获得了第十四届中华技能大奖，从此他又多了个“工人院士”的绰号。一个电力工人到底做了什么，才同时拥有这么多身份呢？
犟，从“初中生”到高级技师
1980年，初中毕业的姜广敏被分配到大连瓦房店辽南齿轮箱厂，在那里，他先后干过车、钳、铆、电、焊等工作。1986年12月，他调入当时的盘锦电业局，成了一名送电工。线路检修是个技术性很强的活儿，半路出家的姜广敏开始一窍不通，但靠着一股“犟”劲儿，他啃下了一块块硬骨头。
理论基础差，他就从最基本的学起。讲安全规程、验收规范等的专业书，他总不离手，时间长了，封面皱皱巴巴、书脊开裂的书不在少数。除了在理论知识上下苦功夫，姜广敏还善观察、爱思考，师傅们干活时，他认真看，认真记，但凡有不懂的问题就记在随身带的小本子上，自己琢磨不透就利用业余时间找师傅请教。就这样，姜广敏慢慢适应了岗位需求，还成了送电工区的业务骨干。
2005年，姜广敏再一次挑战自己，报名参加高级技师考试。刚开始备考时，一拿起厚厚的题库书，他心里犯愁：只有初中文凭，怎么应考？
但没过多久，他身上那股“犟”劲儿又上来了。为了抓住一切备考时间，头脑灵活的他，想到把题的答案录成MP3，走到哪儿都可以听一听。有时候回家听着听着睡着了，妻子才帮他把耳机拔下来。靠着这股拼劲儿，姜广敏如愿以偿。就这样，曾经的初中生变成了如今的高级技师。
匠，从高级技师到技术带头人
姜广敏喜欢琢磨事儿的劲头不仅用在学习业务上，还用在技术革新上。“有韧劲儿，干活特别爱动脑，是个爱钻研的人。”说起姜广敏，盘锦供电公司输电运检室党支部书记包瑞金如是评价。
带电绝缘折叠探头梯是他研制成功的第一个项目。在日常检修时，姜广敏发现隔离开关检修率比较高。而维修则需要停电，少则一天，多则几天，不仅影响居民供电，还耽误企业正常生产。姜广敏根据自己掌握的电工知识，研制出带电绝缘折叠探头梯，解决了高压带电断接引的问题，让检修过程省时省力。虽然问题解决了，但他没有就此罢手，不断改进工具，制成了多功能可调式绝缘桥梯，成功申请了第一个国家专利。
首战告捷，让姜广敏信心倍增。他“琢磨”的范围也越来越大，一个个出自他手的革新成果陆续应用到日常作业中。悬挂式自动脱落跨越滑车，减少了搭跨越架的费用；220千伏耐张引流线支架，解决了因风大造成引流线对铁塔放电问题；输电线路带电作业自动升降装置，填补了带电作业工器具的空白……工作30多年以来，姜广敏共获得了44个实用新型专利，16个发明专利。而这一项项的专利，也让他逐渐成长为公司的技术带头人。
检修公司后院有一间不足10平方米的小平房，只有一扇门、没有窗户。这间小仓库，就是姜广敏的简易“工作室”。屋子两面摆满了电线、零件等材料，地下放着台钻、电焊机、老虎钳子等简单机械和工具。下班后，他总泡在这间仓库小屋里，试验再试验，失败了就一次又一次推倒重来，许多实用工具从这间小屋诞生。妻子陈秀霞说：“那里边没有暖气也没有电扇，房顶上的石棉瓦总是漏，冬天的时候外边下大雪，里边就会飘小雪花。”面对这些，姜广敏说：“虽然条件艰苦，但看到自己的革新项目派上了用场，大家干活比过去安全了，省力了，我就特别高兴。”
将，从技术带头人到桃李满园的老师傅
2011年，姜广敏有了真正的工作室，当年11月10日，“姜广敏工作室”正式挂牌，这是国网辽宁电力公司成立的第一个以个人名字命名的劳模创新工作室。
揭牌那天，领导和同事们散去以后，姜广敏看着大厅里自己的巨幅头像，不由想到：树立我这个典型，一定是鼓励我去带动大家创新，以后要把我的技能教给更多的人。
他充分利用工作室平台，带动身边的职工开展科技创新，聚众人之力，为智能电网贡献力量。“80后”员工黄宏达说：“姜师傅经常带我去现场，手把手教我操作，把自己的经验毫无保留地传授给了我。”如今，姜广敏的徒弟们大多已崭露头角，在各专业领域中成长为管理人员和业务骨干。
姜广敏把时间分给了那些追求上进的年轻人，牺牲了许多陪伴家人的时间。一次，准备去外地看望父亲的姜广敏正与妻子在家中收拾行装，电话铃声突然响起，他接到了一项紧急任务——省公司将举行送电技能比赛，希望他负责培训选手。挂了电话，他当即决定让妻子单独去看望父亲，自己留下来陪选手练习。
这样的事情还有很多。他主动请缨成为兼职培训师，自学英语和专业软件，自己制作课件，为新员工进行岗前培训，只为更贴近年轻人的想法。他的付出也得到了回应，在一次新员工毕业典礼上，一个班的全体学员送给他一面“桃李满天下”的锦旗。
“看着徒弟和身边的新同事不断成长，感觉非常高兴。有很多人说不想让我退休，我也愿意继续在单位带徒弟，我会尽自己最大的努力，多培养几个技能人才。”"
第三版 人才,航天员景海鹏：“我非常渴望再上一次太空”,,"“我非常渴望再上一次太空。”中国特级航天员景海鹏在接受记者采访时多次说，“只要任务需要，我时刻做好准备接受祖国挑选。”
53岁的景海鹏是我国首批航天员，曾有过3次太空之旅。从神舟七号的两天20小时27分钟飞行，到神舟九号的13天宇宙遨游，再到神舟十一号的33天中期驻留，他是飞得次数最多、时间最久、高度最高的中国航天员。
上高中时，偶然看到一张飞行员照片的景海鹏，萌生了“我要当飞行员”的志向。得知航天员选拔的消息后，已经当了13年飞行员的他，又开始憧憬“力争成为一名航天员”。
1998年1月，景海鹏如愿成为中国首批航天员。面对五星红旗，他庄严宣誓：“……甘愿为载人航天事业奋斗终生！”
从那时起，飞天便成为他的梦想。
从入选首批航天员后到首次飞天前的十年间，景海鹏从没有在晚上12点之前睡过觉，也没有耽误过一天训练。
那十年，他就是这么过来的——每天6点半起床，吹一会儿长号，8点开始训练，一直到中午12点，午饭后又从下午1点训练到6点。晚上用来写当天的总结和安排第二天的训练。躺在床上，还会闭上眼睛把当天的训练过程在脑海里过一遍。
十年等待，一朝梦圆——
2008年9月25日，神舟七号载人飞船成功进入太空。任务中，翟志刚、刘伯明、景海鹏密切配合，圆满完成我国首次空间出舱活动；
2012年6月16日，神舟九号载人飞船成功进入太空。任务中，景海鹏、刘旺、刘洋通力合作，圆满完成我国首次载人空间交会对接；
2016年10月17日，神舟十一号载人飞船成功进入太空。任务中，景海鹏、陈冬在太空完成33天中期驻留，为后续的中国空间站建造运营奠定了更坚实的基础。
还会不会再飞？三次飞天的景海鹏不止一次面对这样的问题。
每次，他总会说：“作为一名航天员，我会时刻准备着接受祖国的再次挑选。”
 （新华社北京1月9日电 记者 李国利）"
第三版 人才,江西宁都“农家课堂”育人才,,"本报宁都讯 （通讯员 王艳玲）去年以来，江西宁都县开设“农家课堂”，积极盘活乡土人才资源，培育爱农业、懂技术、善经营的新型职业农民队伍。
该县选取规模效益好、示范带动强的农民合作社，把教室搬到田间地头、农家小院。教员分兼职和专职两支队伍，挑选在思想素质、技术水平和群众认可度等方面较高的86名专业技术人员担任。培训内容立足果树、水稻种植，三黄鸡、生猪养殖，农机操作等生产技术，结合农时变化和生产需要，制定机动性“菜单”。采取学习交流和实践操作结合的方式，农村党员群众根据需要自由选择、报名参训。设立学员跟踪服务卡，不定期组织训后走访，方便学员及时接受技术指导。2018年以来，全县共开办“农家课堂”24个，举办培训班96期2300人次，培育区域特色产业的新型职业农民275人。"
第三版 人才,江苏常州：实行自主创新产品政府首购首用,,"本报常州讯 （通讯员 王磊）近年来，江苏常州市充分发挥市场机制作用，用好政府采购政策导向功能，制定出台领军人才企业自主创新产品政府首购首用实施意见，规范创新产品政府采购活动，有效助力领军人才企业发展壮大。
该市积极搭建领军人才企业创新产品展示平台，通过定期组织召开人才沙龙、创新创业讲座、产品对接会等活动，提升领军人才企业自主创新产品的知名度。同时，建立《领军人才企业自主创新产品推荐目录》，对纳入《目录》认定、属于首次投放市场的创新产品，实行政府首购。市属各政府机关、事业单位和团体组织在编制部门政府采购预算时，采购与《目录》中同类产品的，须预留5%以上份额用于《目录》中创新产品。对采购的产品属于《目录》中产品类别的，应当优先采购《目录》中的同类产品。
此外，为保障政府首购首用政策落地，该市还设立领军人才企业创新产品政府采购保险基金，对采购人采购《目录》中的领军人才企业创新产品，如因产品原因造成损失的，经审核由保险基金赔付不超过损失总额的风险补偿资金补助。建立领军人才企业创新产品政府采购容错机制，采购单位相关负责人在符合规定条件、标准和程序，勤勉尽职、没有为自己或他人谋取非法利益的，免除其在领军人才企业创新产品政府采购中的决策责任。"
第三版 人才,图片报道,,"
近年来，内蒙古霍林郭勒市高度重视乡土人才的开发和使用，充分发挥乡土人才“领头雁”作用，积极引导乡土人才助力乡村振兴。图为该市乡土人才正在设施农业园区工厂化育苗服务中心查看秧苗长势。
 赵然 张懋 摄"
第三版 人才,新疆拜城铺就引才落户“快车道”,,"本报拜城讯 （通讯员 罗刚）近年来，新疆拜城县将引进疆外户籍人才作为扩大人才规模、优化人才结构的重要路径，着力集聚疆内外各类人才来拜扎根奋斗、建功立业。
该县出台《拜城县吸引内地人才来拜落户相关条件及政策待遇》《拜城县关于加强引进疆外各类人才的补充办法》等文件，细化完善落户安家、就业创业、教育高考等26条具体政策。编印《疆外户籍人才落户拜城政策待遇“明白册”》，采取会议传达学习、举办现场推进会及入户走访等形式，面对面、点对点地开展宣传活动，鼓励在拜工作的内地高校毕业生、留疆战士等群体落户。在城区和乡镇（场）设立17个代办点，制作人才落户全程代办流程图，对申请户籍办理、宅基地划拨、口粮地分配、子女入学、社会保障、建（购）房补贴等手续实行“一口受理、一链办结”，落户人才仅需提供身份证、户口本复印件即可办理落户手续，实现“最多跑一次”。"
第三版 人才,宁夏：“小高地” 聚集高层次人才,,"本报银川讯 （通讯员 韩立宗 张月明）为点燃高质量发展的人才引擎，凸显人才聚集效应，近年来，宁夏回族自治区出台了《关于实施人才强区工程助推创新驱动发展战略的意见》，提出实施“百个人才高地建设计划”，用5年时间打造100个以上在西部地区具有比较优势的行业或企事业单位“人才小高地”，通过政策扶持、项目支撑、经费资助、平台搭建，推动形成一批科技创新成果，为全区产业转型升级、新旧动能转换和经济高质量发展提供持续有力的人才支撑和智力服务。
为提升人才小高地建设质量，自治区人才办、人社厅制定了《宁夏回族自治区人才小高地建设实施办法（试行）》，着力规范人才小高地建设申报、审核、审批。申报人才小高地应当具有一定规模的高层次创新人才队伍（含柔性引进），初步形成具有基础研究、推广应用、成果转化、市场营销等不同层次，人员梯次结构合理，有利于可持续发展的领军人才及其创新团队。具有较强科研创新创业创造能力，承担一定数量的国家、自治区科研课题或科技项目，并取得研发创新成果或权威部门（单位）认证成果。具有较好的人才发展环境和较强的经济实力和明确的建设目标和实施计划。自治区人才专项资金对达到标准的行业类“人才小高地”，给予50-100万元人才队伍建设经费资助。对企事业单位类“人才小高地”，给予50万元左右的人才队伍建设经费资助。
2018年以来，遵循高标准、严要求，宁缺毋滥、优中选优的原则，按照自下而上、逐级推荐的方式，经建设载体申报、部门（单位）推荐、主管部门（单位）审核，专家实地评估和自治区人才工作领导小组会议研究审定，从全区92家单位申报载体中，遴选建设首批20个自治区“人才小高地”，拨付小高地人才队伍建设资助经费1000万元。重点支持新建了宁夏先进制造技术研究人才小高地、宁夏公路地质灾害防治工程技术研发人才小高地、宁夏煤炭清洁利用与高端化学品开发人才小高地、宁夏矿井防治水技术研究人才小高地、宁夏煤制油技术研发人才小高地、宁夏煤炭高效利用研发人才小高地、宁夏葡萄与葡萄酒产业人才小高地、宁夏心血管疾病基础与临床研究人才小高地、宁夏新材料研发人才小高地、宁夏智能纺纱技术人才小高地、宁夏新能源装备制造人才小高地等等。吸引、聚集和培养一批高层次领军人才及其团队，充分发挥示范、带动和引领作用，促进全区重点产业、特色产业和重点项目、重点学科创新发展。"
第四版 人事工作,聚焦“四大任务”,,"全国人社工作会议要求，紧紧围绕人社服务便民化，全面推进系统行风建设。当前，江西省人社系统正以行风建设为抓手、以群众需求为导向、以标准化信息化为支撑，统筹规划、突出重点、协同发展，聚焦“统一事项标准、提升信息化水平、拓宽服务渠道、提升业务能力”四大任务，推动人社公共服务均等化、普惠化、便捷化，把便民惠民的优质服务送到人民群众的“心坎”里。
统一事项标准，夯实“基石”
很多群众可能有这样的体会：办同一件事，在不同地区所需材料和流程存在不一致的情况，甚至办理时限也不尽相同。怎么破解这个短板？只有明晰权责流程，无差别受理，标准化办理，才能更好地实现“马上办”，这也是实现公共服务均等化的基础。
悬衡知平，设规知圆，规范统一是前提。今年，江西省将制定全省统一的事项梳理标准，梳理所有面向企业和群众办事的服务事项，明确办理层级，实现同一事项在主项名称、子项名称、设定依据、受理条件、办理材料、办理流程、办结时限、办事表单等八个要素上的“全省统一”，建立全省统一的事项清单，清单内事项将全部进行标准化建设，实现全面统一后及时向社会进行公开，做到“同一事项、同一标准、同一流程、同一要求”。
删繁就简，去芜存真，精简流程是重点。重拳解决民生痛点、堵点和难点，对没有法定设定依据的事项一律取消；对不符合深化“放管服”改革要求和经济社会发展需要的事项或服务对象消失、多年不发生管理服务行为的事项，一律予以取消或调整。同时，精简不必要的申请表，整合相似表单，做到全省人社业务表单统一规范、一表受理。明确模糊条款，不能明确的一律不得要求提供；对能通过数据共享查询核验的信息，一律不得要求再提供相关办事材料。破除“讲究安全、注重程序、逐级审批”的常规做法，从单纯的“物理压减时限”向“化学反应消除层级”转变，砍掉程序性而没有实质意义的经办环节，对一般事项最大限度地做到由窗口或前端工作人员直接办结，砍掉因自身管理需要而衍生出的审核审批环节，防止转嫁给办事群众“买单”。
提升信息化水平，点燃“引擎”
网络技术变革推动政府管理理念和社会治理模式发生着深刻变化。加快信息化建设，已成为江西人社系统深化各项改革、推进各项工作创新发展的关键环节。江西将以需求为导向，以应用为核心，注重信息的互通共享，充分运用云计算、大数据、物联网、人工智能等新一代信息技术，推进基础设施集约、政府治理精准、民生服务普惠、公共服务便捷、功能发展智慧。
顶层设计，创造“最强大脑”。按照一体化建设思路，全面整合信息化资源，打破条块分割现状，实现各类业务统一集中经办服务和信息资源集中共享，进而推进业务互联互通、协同办理和智能监控。
整合系统，打造“插线板”。开发建设全省统一的人社一体化综合平台，使之成为全省人社信息系统的“插线板”。利用该平台集成接入各人社业务信息系统，集成对接国家和省政府有关政务信息系统和平台，让所有人社业务和数据在同一“道”上“跑”。通过提供统一的数据共享服务，在内部实现各类人社业务数据之间的共享，在外部实现与其他部门数据的交互共享，全面解决群众办事堵点问题，推动更多人社业务办理实现“一次不跑”或“只跑一次”。
用好数据，组建“参谋团”。充分挖掘大数据潜力，开展数据比对、清洗和优化，提升数据质量，创新数据资源共享和开发利用机制，让人社数据“活起来”“跑起来”，组建数字“参谋团”，让大数据更好地服务于社会民生、城市管理和政府决策。
拓宽服务渠道，优化体验
为实现群众办事“马上办、网上办、就近办、一次办”，今年，江西省将全力加快形成线上办事为主、实体办事为辅、自助办事为补的服务新格局，打造方便快捷、就近可及、灵活多样、线上线下互通的人社服务渠道。
打造好线上办事平台。按照“应上尽上、全程在线”的原则，把人社业务“搬”到政务服务网、赣服通、12333电话、掌上终端、自助一体机、支付宝生活号、微信公众号等线上平台办理，发挥各渠道的优势，打造“不打烊”的“数字人社”。同时，适应群众的日常生活习惯，推动“掌上办理、移动办事”，让群众办人社事就像“网购”一样方便，像“发朋友圈”一样简单。
完善线下服务功能。进一步优化整合办事大厅和服务窗口“一站式”功能，实现从“多头找部门”“多次办理”到“一个窗口”“一次办好”。把更多适合基层、简单易办的业务下放或委托至基层服务平台办理，增强基层服务功能，进而全面提升基层服务承载能力。
探索开展社会化合作服务。选择管理规范、网点较广、服务能力较强、人员有保障的社会第三方，探索合作开展人社公共服务，把一批可委托、能承接的服务事项由社会第三方承办代办，从而拓宽人社服务渠道，延伸人社服务半径，让为民服务按下“加速键”。
提高人社专业能力，激发活力
方便群众的过程，也是进一步提升行政效率的过程。只有不断提高服务的专业能力，才能把服务状态调到最佳，把服务效果做到最好。江西将认真落实人社部行风建设各项要求，提高服务主动性，全面提升人员队伍能力素质，规范服务行为方式，全面提升专业化水平和服务质量，激发人社公共服务体系便民惠民的活力。
窗口单位是人社工作的前沿阵地，也是反映人社部门整体形象的一面“镜子”。江西将加大培训力度，分级对窗口单位和基层服务平台工作人员组织开展入职培训、提升培训和业务培训，突出政策法规、业务经办、服务礼仪、作风建设等重点内容，用两年时间对全省所有人社窗口平台的工作人员全部轮训一遍，提升基层工作人员的服务能力水平。
身教重于言传。江西计划用好“窗口”这个培训大平台，把窗口单位从事行政管理和后台服务的在编人员，以及经验丰富的优秀干部放到“窗口”一线锻炼，把一批新录（聘）用公务员和事业单位工作人员放到“窗口”一线锻炼、挂职或轮岗。以“请进来”“走出去”为宗旨，将邀请先进地区和有关专家来赣授课交流、现场指导，并组织省内“窗口”平台工作人员到先进地区跟班学习或观摩考察，在交流中拓展眼界，改进提升，增强本领。同时，发挥正向激励作用，对服务工作做得好、群众满意度高的给予奖励，在培训、评先、晋级晋职、绩效工资分配等方面给予优先或倾斜，在激励中提高服务的主动性和自觉性。
下一步，江西省人社厅还将持续简政放权、转变作风、优化服务，彻底打通为民服务“最后一公里”，使优质的人社公共服务从一枝独秀的“盆景”变为漫山红遍、层林尽染的“风景”，让群众的获得感幸福感“更上一层楼”！"
第四版 人事工作,从严抓好监督执纪问责,,"本报昆明讯 （通讯员 滇任宣）近期，云南召开全省人社系统2019年全面从严治党暨党风廉政建设工作会议，总结2018年全面从严治党和党风廉政建设工作成效，部署2019年工作任务。
2018年，云南省人社系统各级党组织坚持以习近平新时代中国特色社会主义思想为指引，牢固树立“四个意识”，坚定“四个自信”，坚决做到“两个维护”，坚持围绕中心、服务大局，上下联动、标本兼治，政治建设持续强化，主体责任持续压实，理论武装持续推进，党建引领持续加强，作风建设持续好转。2019年，全省人社系统要从严抓好创新理论武装，从严强化政治统领，从严推动系统组织力提升，从严抓好监督执纪问责，从严转作风正行风防风险。要把握形势要求，弘扬改革创新精神，持续深化对监督执纪问责的认识和实践，坚定不移践行“两个维护”，坚持不懈发扬创新精神，坚韧不拔落实职责要求；要明确目标任务，坚决做到一严到底，有力提升监督执纪问责的质量和水平，持之以恒学习贯彻习近平新时代中国特色社会主义思想，以党的政治建设为统领着力破除形式主义、官僚主义，在日常监督、长期监督上探索创新，持续整治群众身边的腐败和作风问题，以铁纪打造人社领域纪检监察铁军。
会议还要求，人社系统各级要坚定不移强化“四个服从”、增强“四个自信”、践行“两个维护”，保持政治定力，坚持“稳”的基调，力度不减、标准不降，突出“进”的目标，紧盯人社领域党风廉政建设新趋势新动向，不断深化全面从严治党，在理论武装上要有新的高度，在党建质量上要有新的提升，在风险防范上要有新的加强，在作风转变上要有新的起色，在以上率下上要有新的气象，开张就开战，开局就奋斗，以系统管党治党新成效推动全省人社工作质量再上新台阶。"
第四版 人事工作,浙江金华婺城区：任前法律考试增强公务员法治意识,,"本报金华讯 （通讯员 汪路）为进一步增强公务员法治思维，近年来，浙江金华婺城区对新提拔或转重要岗位公务员进行任前法律考试，着力提升公务员运用法治思维和法治方式深化改革、推动发展、化解矛盾、维护稳定的能力。
法律考试内容主要包括习近平总书记全面依法治国重要论述，宪法和法学基础理论，行政、刑事、民事、商事及经济等基本法律，市人大及其常委会制定的地方性法规和通过的决议、决定，与领导干部履职关系密切的基本法律法规知识，党员还要增加党内法规的内容，由区普法办负责建立和更新考试题库。考试一般采取集中笔试的方式进行，考试时间为90分钟，试题由计算机系统从题库中随机抽取，满分为100分，80分及以上为合格。法律考试由区委组织部具体负责组织，考试成绩存入公务员个人档案，作为试用期转正和年度考核等次评定的重要参考，考试不合格或由于特殊原因未参加考试的，三个月内补考一次，仍不合格的，通报所在单位党委（党组），并参加法律知识专题培训班进行“回炉教育”。"
第四版 人事工作,图片报道,,"
近年来，新疆疏勒县坚持把脱贫攻坚战场作为培养锤炼公务员队伍的重要阵地，推动全县公务员与贫困户结对帮扶全覆盖，强化基层帮扶力量，提高公务员干事创业本领，密切党同人民群众的血肉联系。图为该县公务员引领帮扶群众发展特色产业增收致富。 吴玉凯 陈鹏 摄"
第四版 人事工作,甘肃定西：“三类课”提升公务员培训实效,,"本报定西讯 （通讯员 付建强）去年以来，甘肃省定西市紧贴新时代公务员能力素质提升需求，按照“精准培训、全员覆盖”的思路，精心推出“三类课”，全力以赴培育全市公务员干一行、爱一行、精一行的专业精神。
精心推出“异地观摩”课，针对定西市人才缺乏的实际情况，依托福州市教育教学资源优势，组织实施东西扶贫协作千人培训计划，先后成功举办农业经济人才、网络人才、小城镇建设人才和金融与资本人才四期培训班，共培训各类公务员350人。精心推出“网络在线”课，依托甘肃省公务员网络培训平台，采用“学分制”，重点突出对党史党规以及脱贫攻坚方面知识的学习，全市各级各类公务员（参公人员）共1.1万多人参加培训。精心推出“专家讲授”课，建立“新时代定西绿色发展讲堂”制度，聘请国内名校、名企的高层次专家、学者等，重点围绕新经济、新模式、新业态等内容作专题辅导报告。"
第四版 人事工作,内蒙古包头东河区全面推进公务员诚信档案建立,,"本报包头讯 （通讯员 周桐）今年以来，内蒙古包头市东河区全面开展公务员诚信档案建立工作，进一步加强公务员队伍诚信体系建设，探索并构建公务员队伍诚信建设的基本构架和长效机制。
公务员诚信档案由建档对象基本信息、行为记录表、测评表、考评报告、材料附件等组成，通过个人自评、同行互评、社会测评、领导小组评鉴等程序，重点对“坚定信念、忠于国家、服务人民、恪尽职守、依法办事、公正廉洁”等内容进行测评，确定优秀、合格、基本合格、不合格4个档次，作为公务员考核、晋职、任用、奖惩和考评的重要依据。对诚信优秀的人员在同等条件下优先考虑，对诚信不合格的人员进行提醒谈话或诫勉谈话，对严重违反职业道德，不讲诚信造成不良后果的，视情节轻重给予组织处理。"
第四版 人事工作,我当“柚贩子”,,"柚子清香、酸甜、凉润，营养丰富，每当吃起柚子，就总会想起自己当“柚贩子”的经历。
那年，自己工作所在镇广东省梅州市梅县区桃尧镇群众种的沙田柚普遍大丰产，受供需市场影响，当年的沙田柚价格没有往年高，销量也并不是很好，甚至出现滞销的情况。而我扶贫挂钩联系的兰姨脸上，面对自家种的柚子时，更是愁眉苦脸。
一开始，不论我怎么问，兰姨就是不肯说出其中的原因。后来我问急了，她才委屈地诉说着缘由：“千不该来万不该来，偏偏在那个关键时期来个什么阑尾炎。年头忙到年尾，就是为了有个好收成。可现在，连皇帝的女儿都愁着嫁，好柚子都卖不出去啊，你看我的……你叫我咋办呢？”她指着自家的一堆柚子，两手一摊，眼角涌动着无奈的泪水。
原来，每年的四月中上旬，当柚子花快凋谢将近结果的时候，有两次决定以后柚果长势的关键喷药除虫时期。但遗憾的是，这两次兰姨都给错过了。因为她的儿子突发阑尾炎需照顾护理，等病好出院后，绵绵的雨季最终还是无情地把兰姨的种种“弥补”措施给冲洗掉了，留下了现在品相并不是很理想的柚果。
“往年这种柚子，老板还会来收购，但今年大家都增产了，数量增多又遇上市场行情不好，老板自然而然不屑一顾了。”兰姨说道。
“论品相确实是次一点，但我尝过您的柚子，总体感觉还是可以的。没事，兰姨，办法总会比困难多，大家互相帮助一下，说不定难关就过去了。”自己一边安慰捶胸顿足的兰姨，一边思考着如何帮助兰姨渡过这个难关——卖柚子。
那个星期，我根据往年家里需求量的基础上多加了200斤，按当时普通柚子的市场价向兰姨购买了500斤。自那以后，每逢亲朋好友到家里来作客，一改以往妻子在厨房掰除柚皮的“良好习惯”，由自己“隆重”地“请出”兰姨的柚子，“别看它品相长得一般，但品质还是不一般的哟……”向亲友介绍一番，调足胃口后，我再掰开分给大家慢慢品尝。待大家尝完，评价还不错的时候，我坦率地告诉大家：这是我挂钩扶贫户自己家种的柚子，因为错过喷药时机，导致柚子品相一般，但肉质还是可以的。如果大家要买柚子的话，建议可以买这户人家的，我可以负责免费送货到家哦。
通过自己诚心诚意地当“柚贩子”，最后还是得到了不少亲友团的大力支持，也诞生了好几个“最”：最给力的是我的战友，买了1000斤还不够，再追加1000斤；最长的送货距离，开了近200公里的车将柚子送到；最高的送货距离，爬了好几趟楼梯将300斤的柚子送到8楼……
就这样，通过兰姨自身的努力，通过自己“卖力地吆喝”，通过大家的关心照顾，最后兰姨的柚子都卖出去了，而且价格还比较满意。那天，兰姨开心地问我：“运费要多少钱？”她的意思是要给我算运费。我说：“兰姨，您还真把我当‘柚贩子’了啊。我，一是顺路，二是减肥，要运费的话我就不帮您了……”听了大家都哈哈大笑。
一分辛劳，一分收获。把贫困户的困难当作自己家的困难来对待，只要真心诚意、想方设法地去帮助他们，就没有过不去的坎。也许我们的举手之劳，也许我们做些“穿针引线”“牵线搭桥”的工作，他们的困难就会迎刃而解，而干群的心就会因此靠得更近、贴得更紧！
（作者单位：广东省梅州市梅县区委组织部）"
第五版 基层党建,一牵三联 乡村有了“芯动力”,,"“后荡村是省定经济薄弱村，也是远近闻名的‘阿斗村’，一直苦于没有行之有效的招数，让我夜难寐、心难安呐……”近日，江苏淮安市淮阴区吴集镇党委书记洪波感叹。
针对村干部发展眼界不宽、“双带”能力不强等难题，近年来，淮阴区构建以组织部门牵头，区乡联管、部门联动、三方联评为主要内容的“一牵三联”工作机制，强化对第一书记的选育管理、精准考评，厚植助推脱贫攻坚和乡村振兴的“芯动力”。
区乡联管
精选优管全覆盖
“以前，区委组织部每期都选派第一书记到我们村，但是软弱后进的‘帽子’从未摘掉过，根源在哪呢？……”吴城镇三园村党总支书记王洪先百思不得其解。坐在旁边的三树镇蒋集村第一书记陈华喜插话道：“不是不想帮，而是有心无力呐！不对路，有想法，没办法。”
供需对接是前提，适销对路是关键。去年，淮阴区采取个人自荐、党员联荐、群众举荐、组织推荐等方式，重点从乡科级干部、区直部门中层干部、乡镇站所人员等群体中遴选，推行党群部门包“软”村、政法部门包“乱”村、经济部门包“穷”村，259个村（社区）实现选派全覆盖，双向选择满意度达100％。针对经济薄弱村、软弱后进村等重点村，集中选派区委驻点观察组、党建督导组担任“帮扶顾问团”，强化一线督导、重点指导。
去年，淮阴区专题举办了第一书记能力素质提升班，赴张家港、杭州等地“取经”基层党建、乡村振兴、特色小镇等，全面拓宽发展眼界。同时，构建组织部门牵头管理、派出单位协助管理、派驻单位日常管理的三方共管体系，推行定目标、定单位、定责任、包转化“三定一包”工作法，强化设岗定责、纪实管理，定制完善了259份实绩档案。
捆绑联动
严督实导全流程
“我们村地处洪泽湖畔，既不靠城又不靠乡，非常偏僻，第一书记更是‘神龙见首不见尾’，常常是电话‘遥控’指导，我们戏称他们为‘飞鸽牌’干部，飞不回来喽！”赵集镇洪湖村党总支书记徐立波参加全区软弱后进村专题推进会时，一番“牢骚”引起了其他村党总支书记应声附和。
严管不脱管，厚爱不溺爱。为此，淮阴区强化硬性管理、刚性约束，实行乡镇、区直部门捆绑考核，构建不解决问题不脱钩、不发展不脱钩、不摘帽不脱钩“三不脱钩”帮扶机制，强化责任同担、目标同向。同时，要求第一书记每周至少入村工作1次，每月不少于4天，对其实行“一月一考核、一季一通报、半年一调整”；原则上，聘期内被调整的第一书记，年度考核不得评定为优秀等次，不得推优表彰，不得提拔重用。“井无压力不出油，人无压力不出彩。现在，我们是‘不待扬鞭自奋蹄’，想尽办法跑关系、找项目……”区派第一书记丁宗啸不由感慨。
与此同时，淮阴区持续完善责任传递、压力传导的工作机制，要求区委驻点观察组列席乡镇党委民主生活会，重点研判党内政治生活质效；区委党建督导组参加第一书记季度述评会，定期查阅民情日记、查看项目一线、查核帮扶实绩，适时对相关责任人进行提醒谈话。截至目前，已发放提醒函3张，开展提醒谈话1人次，区乡两级单位投入资金近千万元，实施帮扶项目37个、富民项目3个，21个软弱后进村成功转化。
三方联评
考准评优全要素
“这个项目是你本人招引的吗？不是省委帮扶工作队援助的吗？你打算如何关爱帮扶老党员呢？……”刘老庄乡双庄村老党员刘玉波“连环炮”式的质询，该村第一书记、区扶贫开发服务中心副主任高峰有理有据的应答，赢得了满堂喝彩，这是该区第一书记季度述职评议的火爆场景。
为考准考实第一书记履职实绩，淮阴区对考评体系进行了优化设计和量化操作，明确要求实绩账单需经派出单位审定、村居党群议事会讨论通过后，按知民度、胜任度、富民度、廉洁度、满意度等5个维度实施“五维评干”，扩大基层评价话语权。
为有效杜绝人情干扰、弄虚作假等现象，淮阴区明确要求派驻单位牵头组织评审会，实行挂钩村（居）、派驻单位、派出单位“三方联评”，按5：3：2比例进行百分制量化考评，同步以专报形式向派出单位反馈评审结果，并对优秀等次的第一书记实行推优表彰、跟踪培养。对确定为基本称职及以下等次的，责令派出单位党委（党组）约谈提醒；对确定为不称职等次的，责令限时召回并重新选派。目前，13人被派出单位召回，3人被推选为“五星党员户”。
“第一书记好比嵌入乡村振兴的一颗‘芯片’，作用不容小觑。只有用好用活、考准考实第一书记，才能持续激发助推乡村振兴的‘芯动力’！”淮阴区委常委、组织部长李尚武说。"
第五版 基层党建,“四分法”推动党员教育标准化,,"
本报合江讯 （通讯员 李灵灵 何小丽）近期，四川合江县在农村基层党组织中开展“分类培训、分次记实、分域示范、分色考核”党员教育标准化建设，实现党员活动开展有成效、学习教育有记录、身份意识有提高、示范带动有增强。
结合党员生产生活实际，该县按在职党员、无职党员、年老党员、流动党员等类别开展分类培训，最大限度满足党员个性化需求。对在职党员，侧重加强科学处理村级事务能力的培训；对无职党员，侧重加强社会稳定、农业实用技术、村务监督等内容培训；对年老体弱党员，侧重加强党性意识、家风传承等方面培训；对外出流动党员，侧重加强组织纪律观念、乡土观念的教育。
该县向284个党组织在家党员每人发放一个“党员学习包”，内含“五个一”，即党章1本、党徽1个、记实卡1张、笔记本1个、笔1支。党员实时记录参加“三会一课”、固定党日、远程教育等学习活动情况。党支部核实党员参学情况，并按1学分/小时进行积分，每季度在党务公开栏公示党员学习积分。对普通党员年学习积分不达32学分、基层党组织书记和班子成员年学习积分不达56学分的，由乡镇党委组织统一学习，实行考试过关。
结合党员生产生活实际，该县在带头学习提升、带头致富奔康、带头结对帮扶、带头服务群众、带头遵纪守法、带头弘扬正气6大领域中开展示范行动，并制定示范行动积分细则，将示范行动转化为行动积分，每季度在党务公开栏公示。该县以“红榜点赞、黑榜亮丑”的形式，在党务公开栏设置党员红黑榜。“红榜”晒积极参加党员学习教育，认真践行示范行动，带头创业致富，参与政策宣传、结对扶贫等，群众认可度高的旗帜党员。“黑榜”晒违法违纪、不配合中心工作、无故缺席组织生活、不缴纳党费、家风不正、邻里不和、不遵守村规民约的后进党员。党支部通过评先推优、外出参观学习、爱心超市兑换实物等形式给予“红榜”党员激励，对“黑榜”党员，由党支部书记约谈，促其整改，屡教不改者进行组织处理。"
第五版 基层党建,浙江慈溪：“红色服务”畅通民企融资渠道,,"本报慈溪讯 （通讯员 韩洲涛）去年以来，浙江慈溪充分发挥“党建+”特色优势，以“红色服务”打通融资新通道，助力民营企业解决融资难问题。
该市通过网格支部与银行党支部结对，不定期邀请银行客户经理与党员群众、民营企业主面对面交流，宣传民企贷款融资优惠政策。组建“同心同行”党员志愿服务队，深入了解民营企业所求所需，宣传近期推出的优惠政策和金融服务，确保企业主及时获悉信贷渠道信息。联合镇（街道）党（工）委对民企党建情况进行评估，根据党建落实情况，对各企业按10%-30%的比例调整授信额度。"
第五版 基层党建,新疆阿合奇四法育强村级带头人,,"本报阿合奇讯 （通讯员 刘登 虎银铃）今年以来，新疆阿合奇县突出政治标准，通过调、选、派、育四条路径，强化村级党组织带头人队伍建设。
该县根据当前社会稳定和脱贫攻坚形势，突出工作实绩“调”，结合平时考核、年度考核、期满考核、巡视反馈问题，对不能胜任维护稳定、脱贫攻坚要求、群众反映强烈的第一书记、村党组织书记坚决予以调整。突出政治标准“选”，着重从退伍军人、致富带头人等队伍中选，采取组织推荐、召开群众大会选举的方式，优化村级带头人队伍。突出工作能力“派”，下派有农村工作经历、懂农业、爱农村、爱农民、善于经营管理骨干担任村（社区）第一书记。突出村级后备干部能力提升“育”，“访惠聚”工作队员与村“两委”班子成员组成帮教对子，提高村干部实践操作能力。"
第五版 基层党建,产业兴 农民富,,"
近年来，广西百色市聚焦边境深度贫困地区，大力实施“党建+产业”工程，采取“支部+公司+基地+农户”的模式，引导群众流转土地规模发展特色水果产业，实现脱贫增收。图为渠洋镇由利村群众日前在基地筛选、包装沃柑准备外销。 崔蝎朝 陆翠琳 摄影报道"
第五版 基层党建,云南江城：提醒制度让组织生活有效有痕,,"本报江城讯 （通讯员 白斌成）去年以来，云南江城县建立提醒党员领导干部严格落实双重组织生活会制度，让双重组织生活制度落实有效、落实有痕。
该县每月底定期向全县县处级党员领导干部发放落实制度提醒函，提醒县处级党员领导干部带头参加组织生活。县委县直机关工委向全县机关事业单位发放党委、党组班子带头落实双重组织生活会提醒函，各乡镇党委制定党委委员抓党建制度，明确党委委员要定期到挂包村共同开展支部主题党日、讲党课等活动。
提醒函提醒领导干部带头落实“三会一课”制度，带头参加支部主题党日活动，带头学习党章党规等内容，强化领导干部带头引领作用。同时，结合每月的工作重点，县委组织部向领导干部推送“月主题”，明确组织生活会内容。县委组织部对领导干部落实双重组织生活会情况及时进行核查，重点核查党员领导干部是否以普通党员身份参加了所在党支部的“三会一课”、主题党日等活动，是否作了党课报告和参加了讨论交流等，是否按时交纳党费，各基层党支部是否认真做好了组织生活安排、提醒通知、学习记录等工作。"
第五版 基层党建,湖南吉首：“党建+扶贫产业”壮大村级集体经济,,"本报吉首讯 （通讯员 吉组宣）近年来，湖南吉首市落实“党建+扶贫产业”政策，推行特色产业股份合作模式，壮大村级集体经济。
该市对全市所有农业企业、合作社、家庭农场、大户能人进行筛选，建立“优良经营主体信息库”，符合条件的可申报合作资金。乡镇（街道）、村（社区）党组织充分挖掘本地资源优势，主动策划包装优质项目，并优先考虑与龙头企业、示范合作社展开特色产业项目合作，发动党员、入党积极分子开展生产互助。项目效益与村（社区）党组织的绩效考核挂钩，项目实施快、分红及时到位的，对村（社区）党组织进行奖励。"
第五版 基层党建,树敢为之风 育善为之力,,"本报珠海讯 （通讯员 杨大军）近日，广东珠海市出台《关于进一步激励保障农村“两委”干部干事创业的意见（试行）》，在基本工作报酬最低保障、绩效考核、日常监督管理等方面推出10条措施，有效激发农村“两委”干部在推动新时代珠海“二次创业”和实施乡村振兴战略中主动担当作为。
强化政治领导，形成“敢为”风气。该市制定关于加强村党组织对村级各类组织和各项工作全面领导的试行意见，赋予行政村党组织对村级重大事项、重要问题、重要工作讨论决策权和村书记的签字把关权，实现党对农村工作的全面领导。全面推行村党组织、自治组织、集体经济负责人“一肩挑”，继续推进村“两委”成员交叉任职，由未交叉任职的村党组织班子成员担任村务监督委员会主任，增强村党组织带头人政治影响力。建立落实惠民政策工作机制，市财政为每个村安排10万元服务群众专项经费，由村党组织为群众办急事、办难事、办好事，在服务群众中树立威信。
突出关心关爱，激发“能为”动力。为从根本上解决村干部动能不足问题，该市加大财政保障力度，建立基本工作报酬最低保障制度，明确村干部基本工作报酬不低于上一年度全市农村常住居民人均可支配收入的3倍，并由财政全额承担。意见实施后，全市村干部年人均工作报酬超过9万元。健全社会保险制度，市区镇三级财政全额承担在职在岗村干部城镇职工社会保险费（含基本养老、基本医疗、生育、工伤、失业等“五险”费），彻底解除后顾之忧。建立务实管用的待遇提升机制，对任职满十年、表现优秀的村党组织书记，经考核等程序，在职在岗期间可参照事业单位相应工作人员工资水平确定工作报酬标准，激发农村干部苦干实干的积极性和主动性。
注重培养锻炼，提高“善为”能力。着眼于解决村干部现任不强、后继乏人问题，该市大力实施“领头雁”工程。对村干部加大培训培养力度，每年将村党组织书记全覆盖轮训一遍，每年选派优秀村党组织书记到省内先进农村蹲点学习一个月，增强带领群众实施乡村振兴战略的能力素质。实施精准“育苗”工程，分析研判村党组织书记履职情况，对年龄偏大、致富带富能力弱、化解矛盾纠纷不力的，分别从返乡大学生、创业致富带头人、镇优秀聘用人员等党员中，靶向选拔村党组织书记储备人选，目前选配了130名村书记储备人选、126名村“两委”干部储备人选。每年选派储备人选到华南农业大学脱产培训一个月，安排镇中层以上干部担任导师，结对培养，考核合格的担任村党组织副书记，优秀的担任村党组织书记。
强化考核管理，让“无为”者无位。该市突出激励与约束双向用力，在村干部中实施“选聘分离”，村干部选举产生后，须竞聘村党群服务中心工作岗位，通过竞聘的，由镇聘用为村务工作者，按规定领取工作报酬；聘不上的，虽享有村“两委”权利，但享受不到财政补贴的工作报酬，切实解决个别村“两委”干部“不听党话、不跟党走”的问题。统一规范全市村干部报酬待遇结构，将村干部工作报酬设定为基本工作报酬和绩效奖励两个部分，加大绩效奖励力度，对坚决贯彻落实并出色完成上级党委政府交办任务的，由区、镇财政按不少于基本工作报酬总额的30%给予奖励。鼓励和支持村干部发展壮大村集体经济，对集体经济增长有较大贡献的，经相关程序，从村集体收入中提取一定比例作为奖励。
"
第六版 理论评论,让基层党组织焕发强大组织力,,"●要从党的领导全面加强全面体现的高度，进一步理顺体制、完善机制，织密建强党的组织体系，确保党的全面领导“一根钢钎插到底”
●基层党建，基础在“建”，必须要有硬支撑硬保障，大力推动人往基层走、钱往基层投、政策往基层倾斜
习近平总书记在全国组织工作会议上指出，“加强基层党组织建设，要以提升组织力为重点，突出政治功能”。全国组织部长会议对全面增强基层党组织政治功能和组织力作出新部署、提出新要求。要牢固树立大抓基层鲜明导向，紧紧围绕全面增强基层党组织政治功能和组织力，推动力量下沉、管理下沉、服务下沉，多用心、大用力、准用人、严用责、铁用制，扎实推动基层党组织全面进步全面过硬。
以党的政治建设为统领，着力推动基层党组织坚决做到“两个维护”。党的政治建设是党的根本性建设，决定党的建设方向和效果。加强基层党组织建设，必须凸显党的政治建设的根本性地位。要认真贯彻落实中央《关于加强党的政治建设的意见》，聚焦坚决做到“两个维护”，扎实推动党的政治建设各项任务在基层落实落地，重点解决好真用心、真尽力、真落实的问题。高标准高质量组织实施好“不忘初心、牢记使命”主题教育，突出学习贯彻习近平新时代中国特色社会主义思想这个主要内容，深化“维护核心、铸就忠诚、担当作为、抓实支部”主题教育实践活动，扎实推进“两学一做”学习教育常态化制度化，推动基层党组织和党员干部树牢“四个意识”、坚定“四个自信”、坚决做到“两个维护”,不折不扣把习近平总书记重要指示要求和党中央决策部署落到实处。大力实施习近平新时代中国特色社会主义思想教育培训计划，持续推动大学习大教育大培训大普及，形成党员干部“人人受思想雨露哺育、人人得真理真谛启迪、人人立信仰信念支柱、人人扎实践行落实”的浓厚氛围。坚持政治生活、政治文化、政治生态一体建设，严格执行新形势下党内政治生活若干准则，严明党的政治纪律和政治规矩，严格落实“三会一课”、主题党日、组织生活会、党性分析等基本制度，推动党内政治文化建设有效渗入基层党组织的一切活动、渗入党员干部的日常工作生活，持续深化圈子文化、码头文化、好人主义专项整治，扎实推动全面从严治党向基层延伸，以纯洁基层组织推动政治生态不断净化。
以解决“中梗阻”问题为关键，着力推动党的全面领导贯穿到底。党的基层组织是加强党的全面领导、巩固党的执政地位的终端体现。习近平总书记在全国组织工作会议上指出了党的领导落实到基层的“中梗阻”问题。我们要认真对照检查，从严抓好落实。去年，我们在村和社区换届中，把全面实现村（社区）党组织书记通过法定程序担任村（居）委会主任作为主攻目标，以滚石上山的精神打赢换届选举攻坚战，全市实现了换届率和“一肩挑”两个100%，有力扭转了党的领导在基层弱化虚化边缘化的现象。下一步，我们要从党的领导全面加强全面体现的高度，进一步理顺体制、完善机制，织密建强党的组织体系，确保党的全面领导“一根钢钎插到底”。在农村和社区，要巩固拓展换届成果，落实好各类组织向党组织述职制度，做实做强街道社区和村党组织的“轴心”地位，全面推行村党组织书记通过法定程序担任村级集体经济组织、合作经济组织负责人。在国企，大力推动党的领导融入公司治理各环节，把企业党组织内嵌到公司治理结构之中，全面落实重大决策党组织研究前置和党委书记、董事长“一人兼”。在高校，坚持党委领导下的校长负责制，推动高校把抓好党建和思想政治工作作为办学治校的基本功，切实把党的领导贯穿办学治校、立德树人全过程。在机关事业单位，全面推行党员行政负责人担任机关党组织书记，推动中小学、医院、科研院所建立健全党组织领导下的校长（院长、所长）负责制。在“两新”组织，大力实施党组织覆盖攻坚、亮旗示范、红领人才培育等专项行动，深入开展“党旗领航·聚力发展”主题活动，不断扩大党在新兴领域的号召力和凝聚力。
以抓重大任务落实为检验，着力推动基层党组织充分发挥领导作用。习近平总书记指出，“基层党组织能力强不强，抓重大任务落实是试金石，也是磨刀石”。党建工作说到底是为中心工作服务的。加强基层党组织建设，必须紧紧围绕坚定执行党的政治路线、坚决贯彻落实党中央决策部署来推进，切实把基层党组织建设成为宣传党的主张、贯彻党的决定、领导基层治理、团结动员群众、推动改革发展的坚强战斗堡垒。要认真贯彻《农村基层组织工作条例》，落实好推进实施乡村振兴战略暨农村人居环境整治三年行动部署，深化结对帮扶困难村工作，深入开展学习借鉴河北正定塔元庄村经验试点工作，全面实行行政村星级管理，推动农村基层党组织在脱贫攻坚、乡村振兴、基层治理中充分发挥领导作用。学习借鉴北京“街乡吹哨、部门报到”经验，抓好我市实施方案落实，实行“战区制、主官上、权下放”，强化街道社区党组织统筹协调功能，深化驻区单位和在职党员“双报到”，搭建更多志愿服务平台，推进党建引领基层治理体制机制创新，不断增强人民群众的获得感、幸福感、安全感。加强国企党建分层分类指导力度，做好国企混改过程中的党建工作，引导国有企业把党建优势转化到加快自主创新、做强做优做大上来。围绕贯彻落实习近平总书记提出的“三个表率、一个模范”重要要求，突出抓实机关政治建设、作风建设，推动机关党员干部在推动改革发展、保障改善民生、优化营商环境上担当作为，切实把“两个维护”落实落细落具体。
以强化基础基本为支撑，着力推动党支部标准化规范化建设。基层党建，基础在“建”，必须要有硬支撑硬保障。去年，我们扎实推进“五好党支部”创建工作，选派优秀年轻干部到村和社区任职，面向全国招录农村专职党务工作者，启动实施党建阵地三年提升工程，从市管党费中划拨补贴村级组织活动场所建设，大力推动人往基层走、钱往基层投、政策往基层倾斜。下一步，我们要以推进党支部标准化规范化建设为重点，着力加强基础工作、基本制度、基本能力建设，不断提升基层党建整体水平。认真贯彻落实《支部工作条例（试行）》，以深化“五好党支部”创建工作为载体，根据不同领域特点和实际，明确职责定位、管理服务、组织生活、运行机制、基础保障等基本规范，分类制定工作标准，分类实施示范引领，健全标准化规范化考评体系，持续整顿软弱涣散党组织。加强带头人队伍建设，严格执行基层党组织书记培训轮训制度，办好市级示范培训班，确保基层党组织书记在区（局）以上党校轮训一遍。认真落实《天津市村党组织和村民委员会干部管理办法（试行）》，对新当选村干部逐人再过一遍“筛子”，对不符合条件的全部清理出去，面向全国再招录农村专职党务工作者。全面落实基层组织活动经费、服务群众经费和基层干部待遇报酬，大力度推进村和社区活动场所提升改造这项民心工程，不断提高基层党组织服务群众能力，进一步彰显党在基层执政的政治存在。坚持和完善基层党建述职评议考核制度和巡查制度，以办成事为标准，层层加压，保持热度，确保基层党建各项任务落实落地。  （作者系天津市委常委、组织部长）"
第六版 理论评论,“红心”呵护企业成长,,"助推企业发展，是组织路线服务于政治路线的自觉行动，是组织工作围绕中心服务大局的重要体现，是组织优势转化为发展优势的生动实践。组织部门要做好“服务”和“保障”两篇文章，坚持“红心”引领，以“走心”的态度去抓工作，用心谋划务实举措，悉心呵护企业健康成长。
既要增强企业“内生动力”，又要为企业提供“外部助力”。企业发展的最大推动力量在人才，要盯牢“人”这个关键因素，帮助企业引育人才，锻造助企能力强的人才队伍。一方面，要支持人才集聚、聚力平台搭建、帮助降低用人成本，把党员培养成人才，把人才培养成党员，把党员人才培养成企业骨干。另一方面，推动干部下沉“走亲暖心”，提升干部助企专业能力，开展助企实绩“打擂比拼”，确保党员干部精力到位、能力到位、成效到位，让民企充分感受工作力度和情感温度。
既要着力实现“双覆盖”，又要倾力实现“双促进”。要通过独立组建、联合共建等多种形式扩大企业党组织和党的工作覆盖面，发挥企业党组织和党员的作用，把“红色党建优势”转化为“绿色发展动力”。要既聚焦组织部门主责主业为企业发展提供助力，又借力工商、金融等部门资源，为民营企业生存、发展、壮大创造条件，不断深化其对党的政治认同、思想认同、情感认同，让党建工作与生产经营深度融合、相互促进。  
既要对企业做到有难必帮，又要做到对企业无事不扰。要把握好服务和管理的关系，做到真帮忙、避免帮倒忙。一方面，要对企业的合理要求倾囊相助。做到情感上暖心、行动上贴心、措施上用心、机制上顺心、政商关系上无私心，切实为企业发展挡风遮雨、保驾护航。另一方面，要做到无事不扰。在管理上更加尊重市场规律，以企业为本、以市场为基，对企业发展不利的政策不出，对企业发展不利的工作不排，妨碍企业发展的行为要严肃查处，营造良好的发展环境。
(作者单位：浙江省三门县委组织部)"
第六版 理论评论,加强斗争历练 彰显担当作为,,"习近平总书记反复强调，实现伟大梦想，必须进行具有许多新的历史特点的伟大斗争，领导干部要发扬斗争精神、增强斗争本领，要敢于斗争、善于斗争。加强斗争历练，永葆斗争本色，是共产党人必须保持的风骨、气节、操守、胆魄，更是新时代党员干部在新的伟大实践中担当作为的必修课、基本功。
保持和发扬在大是大非、重大原则面前的斗争精神。面对国情党情世情的深刻变化，我们党长期面临的“四大考验”“四大危险”依然具有尖锐性和严峻性，特别是个别党员干部理想信念动摇、思想蜕化变质、精神懈怠滑坡，在大是大非和重大原则面前态度暧昧、违背原则、丧失党性，严重影响到党的执政形象。进入新时代，在大是大非和重大原则面前的态度、立场、表现，是最能检验党员干部政治定力、党性修养、责任担当的“试金石”。党员干部对党忠诚，必须要保持和发扬斗争精神，在践行“两个维护”最高政治原则上头脑清醒、立场坚定，不做“两面派”“两面人”；在违背党性原则上旗帜鲜明、理直气壮，不当“和事佬”“太平官”；在错误思潮言论上主动发声、敢于亮剑，不做“沉默羔羊”“优雅绅士”。把斗争一线作为发现、培养、识别和使用干部的“前沿阵地”，对在大是大非和重大原则问题上没有态度立场、无动于衷、置身事外，在错误言行面前不站出来斗争，明哲保身、当老好人等政治不合格的坚决不用，已在领导岗位的坚决调整，情节严重的要严肃处理。
练就和增强在矛盾困难、压力挑战面前的斗争本领。斗争是门艺术，既要有见招拆招、来招应招的硬功夫，又要有借力发力、借势谋势的软办法，从而达到化解矛盾问题、解决实际困难、维护社会稳定、增进人民福祉的目的。新时代面临着新形势、新矛盾，是否在问题面前回避退缩、压力面前躲闪退让、困难面前推脱退却，是衡量党员干部履职尽责、担当作为的重要标尺，是衡量党员干部对党忠诚、绝对可靠的重要考量。做新时代的“答卷人”，就是始终坚持党的事业至上、人民利益至上，不畏困难、不惧风险、迎难而上，时刻准备应对重大挑战、抵御重大风险、克服重大阻力、解决重大矛盾。强化教育培训“硬指标”，把提高斗争能力列入党委（党组）中心组理论学习、党校专题培训、党支部定期学习的必修课程，着力强弱项、补短板、提素质。办好实践锻炼“好课堂”，有计划地把干部放到重大斗争一线去真枪真刀磨砺，多承担一些急难险重任务，多当几回“热锅上的蚂蚁”，增强其处理各种复杂问题的本领。用好考察考核“指挥棒”，把面对矛盾能否迎难而上、面对危机能否挺身而出、面对失误能否承担责任作为干部考核的重要指标，大力选拔善于较真碰硬、迎难而上、攻坚克难的干部，着力建设一支既有敢于斗争精神又有善于斗争本领、能够真正适应进行伟大斗争要求的干部队伍。
涵养和永葆在歪风邪气、利益诱惑面前的斗争本色。历史和现实反复证明，越到重要关头，越要彰显斗争本色。当前，全面从严治党取得战略性成果，反腐败斗争取得压倒性胜利，但是各种诱惑仍然无时不有，廉政风险依然无处不在，党员干部打铁必须自身硬，应时刻加强自我改造，涵养自我净化、自我完善、自我革新、自我提高的能力。在严规矩中保持定力，时刻强化对党规党纪和法律法规的敬畏之心、慎独之行，对歪风邪气和不正之风自觉抵制、坚决抨击，在名利诱惑和物欲冲击面前保持底线、不踩红线，增强纪律定力、道德定力、抵腐定力。在重小节中保持本色，时刻净化朋友圈、社交圈、生活圈，从小事小节做起，从兴趣爱好严起，管好身边的人，始终不放纵、不越轨。坚持德才兼备、以德为先，把那些明大德、守公德、严私德的忠诚干净担当干部选出来、用出来、管出来、带出来，及时将那些公道正派、两袖清风的高素质干部用起来，永葆干部队伍的浩然正气。
 （作者系重庆市巫山县委常委、组织部长）"
第六版 理论评论,在吃苦中磨出“香气”,,"近年来，习近平总书记多次鼓励年轻干部到脱贫攻坚一线去历练。温室里培养不出好干部。年轻干部在基层，就要勇于吃苦、敢于吃苦，以苦为乐、以苦为伴，才能苦尽甘来，磨出自己的“香气”。
善听“苦言”。《史记·商君列传》中说到：“苦言药也，甘言疾也。”苦言，即诤言，逆耳之言，大多都是“带刺”的。在听取意见建议时，我们总是喜欢选择性的听自己喜欢的、顺耳的，对于一些不中听的、逆耳的“苦言”则是左耳进，右耳出。对于一些年轻干部来说，也是如此。“苦言”是群众的一些好的意见建议和工作方法，要学会虚心接受，并从中真正体会基层的苦和乐。要在善听“苦言”的过程中，不断沉下身心，潜心向领导同事学习，向人民学习，在基层的各种困难和挫折中找到属于自身的“通关秘籍”。
不畏“辛苦之事”。在基层，困难之事、难办之事很多，特别是涉及群众利益的事情，这些事情办起来要么耗费大把时间和精力，要么就是事情办理的过程中不断生出许多“枝节”。基层的困难之事一向都是“硬骨头”，时常“不讨喜”。办好这些事，决心、耐心、恒心缺一不可。一些年轻干部，面对这种“吃力不讨好”的工作，既怕能力不足，又怕风险太大。艰难困苦，玉汝于成。要有面对困苦亮剑的勇气，敢于挑担子，不断在磨砺中得到成长。
埋头“苦干”。不怕吃苦是态度，苦干实干是作风。一些年轻干部，干事情急功近利、浮于表面，要么拣着些容易干的事情，要么做事就只在领导眼皮子底下做。埋头苦干，不断探索研究，是取得成就的重要前提。不苦干，就会一事无成。要以“板凳甘坐十年冷”的实干精神潜心做事，并在干事的过程中不断克服困难，锻造自我、成就人生。
（作者单位：四川省青川县委组织部）"
第六版 理论评论,近距离接触中识别干部,,"“经事之道，识人为先。”干部考核是引导和激励广大干部的指挥棒和风向标，深刻塑造着干部行为和政治生态。要确保选出让组织放心、群众满意、干部服气，就要近距离接触干部，看干部对重大问题的思考、对群众的感情、对待名利的态度、为人处世方式、处理复杂问题能力。
“听其言”“观其行”相结合，在经常性、有原则的近距离接触中识别干部。“不细观则不能明识。”近距离接触了解干部，是组织部门察人识人的传家宝，也是组织工作接地气、转作风的试金石。在考察识别干部时，不仅要用好“望远镜”，坚持从外围了解干部的声誉口碑，更要用好“显微镜”，加强与干部的面对面沟通，由远及近、由表及里、由浅入深，真实掌握干部的政治表现、思想状况和能力素质。同时，要坚持把功夫下在平时，经常性、有原则接触干部，对干部经常开展同志式的谈心谈话，既指出缺点不足，又给予鞭策鼓励，拉近组织与干部的距离，做到精准察人、精准识人。
“看一时”“重一贯”相结合，在近距离、精准化的考核中评价干部。“路遥知马力，日久见人心。”考核评价干部要从整体上把握，将“一时”和“一贯”相结合，既看急难险重时的表现，也看日常工作表现；既看工作圈的表现，也看生活圈、社交圈的表现，让“当面一套、背后一套”的干部公之于众，让喜欢“潜伏”、热衷“伪装”的干部露出马脚，做到对干部知根知底、知长知短。要因地因时制宜，探索建立年度考核、平时考核、重点任务与单项工作考核相互配套、相互印证的考核评价机制，通过下沉考核工作现场、走近考核对象、听取干部群众意见，在近距离考核中察人识人，实现干部考核从粗放化向精准化的转变。
“全方位”“多角度”相结合，在分析研判考核结果中选准干部。“用人必考其终，授任必求其当。”要坚持把考核结果运用与强化综合分析研判结合起来，综合运用静态分析与动态分析、定性分析与定量分析、横向比较与纵向比较等办法，全面分析领导班子运行状态、干部队伍结构和重点特殊岗位配备等情况，破解“平时不考核、年终算总账、年终考核一锤定音”的问题，提高选人用人的精准度。
 （作者单位：贵州省从江县委组织部）"
第六版 理论评论,漫画,,"
近日中央颁布的《关于坚持农业农村优先发展做好“三农”工作的若干意见》强调指出，各级党委和政府必须把落实“四个优先”的要求作为做好“三农”工作的头等大事，扛在肩上、抓在手上，同政绩考核联系到一起，层层落实责任。优先考虑“三农”干部配备，把优秀干部充实到“三农”战线，把精锐力量充实到基层一线，注重选拔熟悉“三农”工作的干部充实地方各级党政班子。做好“三农”工作，干部是关键。要建立“三农”工作干部队伍培养、配备、管理、使用机制，落实关爱激励政策，切实解决基层疲于迎评迎检问题，让基层干部把精力集中到为群众办实事办好事上来。
 （李明新/绘）"
第六版 理论评论,谨防党建工作“材料化”,,"最近，一些党员干部反映，有些地方的基层党建工作异化为填材料、填报表，追求文字上的创新口号，产生了一些以材料应对工作，空对空、虚对虚的形式主义。
乡镇一级是推动工作落实的关键，上面安排的各种任务，最终都要靠乡镇一级去落实。特别是基层党建工作，点多、面广、任务重，需要乡镇干部经常入村，和村党员干部一起干。如果只是一味地坐在办公室写材料、报材料，即使材料编得再好，台账资料做得再精美，工作不可能落地见效。产生党建工作“材料化”的原因，一方面在于一些上级部门和领导干部喜欢以材料的好坏来评定工作；另一方面在于一些基层干部工作作风还不够实，认为到一线抓落实既费时间、又费力气，不如就坐办公室编编写写，以材料应对来得容易、来得快。
实干才是硬道理。领导干部要提高思想认识，抛弃材料主义思想，注重实干导向，既要看材料，但不惟材料。要尽可能减少各种材料、报表，少些可有可无的督查检查，让基层干部腾出更多时间抓落实。要不断转变干部作风，将实干内化于心、外化于行，脚踏实地，积极投身到火热的基层一线，多与群众同吃同住同劳。要加大监督执纪力度，对热衷于以材料来忽悠群众、忽悠上级的行为，该问责的问责。
 （作者单位：云南省红河州委组织部）"
第七版 史事通鉴,延安马列学院的党性教育,,"
1939年7月，刘少奇在延安马列学院的重要讲演《论共产党员的修养》。
1938年创办的延安马列学院，是中国共产党创建的“第一所攻读马列主义理论比较正规的学校”。马列学院学员特别珍惜战时环境中弥足珍贵的学习机会，他们都比较一致地认为：此时期受到的党性教育对自己一生影响深刻。
精彩的党性修养报告
延安马列学院开设的课程中，党的建设最受欢迎，原因是其中关于党性修养的专题报告非常精彩。
当时陈云是中组部部长，他在马列学院做的专题报告是《怎样做一个共产党员》。马列学院的学员特别推崇这门课。很多学员在几十年后回忆时，都提到陈云的这堂党课，对陈云讲共产党员奋斗到底印象尤其深刻。陈云课上说，每个党员入党宣誓时都表示自愿为共产主义事业奋斗到底，“到底”究竟是什么意思？用上海人的话说，就是“翘辫子”。举例来说，顾顺章、张国焘就是没有到底。监狱叛变、战场逃跑、受金钱美女的利诱等，只想到个人的得失进退，就不能到底。
刘少奇《论共产党员的修养》这一阐述党性理论的经典篇章就是在马列学院演讲稿的基础上整理而成的。刘少奇讲了共产党人为什么需要进行党性修养，怎样进行党性修养，怎样和各种错误的思想意识作斗争等。原中国大百科全书副总编刘雪苇回忆说，听刘少奇讲修养，最深、最刺痛他的一点，是纠正了他“绝对主义”的毛病，他还为此在小组讨论时做过心情激动的检查。
作为马列学院负责人的张闻天也做过党性修养的报告，报告的题目是“论待人接物问题”，讲的不是一般的人情交往，而是讲一个共产党员如何站在马克思主义立场上，从团结最广大人民群众参加抗日民族统一战线这个大局出发，处理人和人的关系，以及这一过程中应该具备的修养。
讨论辩论中坚定信念
马列学院的教学以自学为主，学院尽可能提供学员接触各种思想、各种观念的机会，阅报室公开陈列包括国民党顽固派报刊在内的各种观点的读物。熟读各种观点后，便就其中的一个或几个问题开展辩论会。在各种声音的交锋和碰撞中，学员更清楚地认识到马克思主义、新民主主义的科学性，更加坚定自己的理想信念。
除了学习讨论，民主生活会也是学员锤炼党性的重要时机。学院每周都要利用一个党日来开展民主生活会。支部成员全体参加，往往是老同志带头发言，检查自己政治上、思想上、组织上的优缺点，优点受到表扬，缺点受到严格的批评。当时批评与自我批评也有一些偏差，比较容易扯到一些鸡毛蒜皮的小事上，比如批评节省用肥皂、牙膏，用不完也不给别人，还上纲上线。这些情况反映到院长张闻天那里，他听了之后说，为了肥皂、牙膏开生活会，使大家眼光不是放大而是缩小，使同志关系不是密切而是紧张，这样的会没有必要开。纠偏后的民主生活会更加科学，更注重从思想表现、道德节操、政治立场等关涉党性的方面去展开批评与自我批评，参与其中的人也更能坦然地面对批评，修正提高。
联系实际深入调研
实践是锻炼党性的重要途径。在边区开展的大生产运动中，马列学院的老师、学生，不分男女，或上山开荒或参加其他劳动。很多知识分子出身的学员，在生产中增强了自己的劳动观点，更养成了自力更生、艰苦奋斗的作风，这成为他们后来战胜困难、直面挫折的强大精神利器。
延安整风前夕，毛泽东大力提倡调查研究，号召全党大兴调查研究之风。为响应这一号召，马列学院组织学员成立研究政治、经济、文化、教育、国际等方面问题的研究室。同时，开展两个方面的调查研究，一是派学员至陕甘宁边区政府各厅局，对农业、工业、商业、财政、金融、教育等情况进行周密系统的调查研究，提高实际知识水平，给中央提供有关参考材料；二是组织去前方根据地，做农村实地调查，研究各阶级动向和土地、生产情况。调查研究使学员更接地气，了解实际，真正做到了理论联系实际。
（摘编自2月18日《北京日报》 王毅/文）"
第七版 史事通鉴,抗日救国我辈之责,,"吉林省公主岭市，现今已是吉林省直管县级市，这里较早的名字叫怀德县，知名抗日爱国人士杜重远就出生在这里。在那个血雨腥风的时代，杜重远无论是在东北、华北还是远赴西北新疆，都在为抗日救国奔走呼号。
杜重远原名杜乾学，出生于1898年。1911年考入沈阳省立两级师范附属中学。毕业时正值袁世凯称帝复辟，参加学生爱国运动，取任重道远之意，改名重远。
1917年杜重远赴日本留学，入东京高等工业学校学习陶瓷制造。为反对“二十一条”，1922年他组织东京留学生进行反帝示威游行，作为学生代表回国向北洋政府抗议请愿。
1923年杜重远回国后在奉天（今沈阳）创建东北第一座制陶厂——肇新窑业公司。1927年任奉天总商会副会长。之后，会同其他东北爱国人士发动了10万民众抗议日本在东北临江非法增设领事馆的示威游行，同时开展抵制日货运动，推动了东北各地抗日救亡运动。
九一八事变后，杜重远前往北平（今北京），从事抗日救亡工作，成为东北民众抗日救国会的领导骨干。不久到上海，结识周恩来，提倡“发展国货工业，作经济上的实际抗日”。他经常在《生活》周刊上发表抗日救国的文章。1933年初，率领救国会战地宣传队赴热河抗日前线慰问抗日军队，宣传抗日。
1934年2月，杜重远在上海创办《新生》周刊，积极宣传抗日救国，反对国民党政府的绥靖政策，倡导发动“一场自己的反帝抗日的民族革命战争”。1935年7月，被国民党政府逮捕入狱。1936年，借到上海虹桥疗养院就医之机，先后与爱国将领张学良、杨虎城会面，商讨抗日救国事宜。1936年秋刑满出狱后，赴西安推动张学良、杨虎城两位将军联共抗日。全国抗战爆发后，奔走各地，积极进行抗日救亡工作，热情宣传中国共产党的抗日民族统一战线政策。
1937年9月，杜重远在太原与周恩来、彭德怀、徐向前等人会面，并在《抗战》上撰文介绍中共领导人及其抗日救国的主张。受新疆边防督办盛世才的邀请，1937年10月、1938年6月和10月三次赴新疆考察。
1939年，杜重远应盛世才之邀，出任新疆学院院长。在新疆工作期间，为进行抗日救亡宣传，激发新疆各族人民的爱国热情，带领学生到北疆各地进行社会调查和抗日宣传，并经常撰写宣传抗日爱国思想的文章在《反帝战线》上发表。
为更好地保卫建设新疆，他聘请茅盾等知名学者到新疆学院任教以培养大批人才，并想方设法从内地购买了大批图书资料和教学仪器，还请知名文艺人士到新疆从事文艺宣传活动。
1940年5月，杜重远因不断发表宣传进步思想的文章，遭到军阀盛世才的嫉恨，被逮捕入狱。盛世才捏造“汉奸”等罪名，对他施以各种酷刑，严刑逼供，但杜重远始终坚贞不屈，直至被秘密处死。
 （新华社长春2月20日电 记者 周立权）"
第七版 史事通鉴,开国中将王诤厚植人才之道,,"
王诤同志（左三）在延安。
开国中将王诤在雷达、电子对抗等诸多领域作出了卓越贡献，被毛泽东誉为“我国通信事业的开山鼻祖”。王诤之所以在多个领域有重大创造和开拓，其中最重要的原因是他具有识才、爱才、用才、容才、聚才的胆识和胸襟。
“人才永远是最宝贵的财富”
新中国成立之初，王诤任中央军委通信部部长兼重工业部电信工业局局长，担负着解放军通信兵建设和全国电信工业重建的双重重任。通信兵种和电信行业均属技术密集型，需要大批人才作支撑。王诤经常说：“人才永远是最宝贵的财富。”
甫一上任，王诤得知有100多名国外学成归来的高级知识分子滞留南京、上海等地，马上派人把他们请到北京，腾出最好的房子给他们住，保留原薪待遇，又很快组建通信兵科学研究所，为他们提供用武之地，构建起第一个“人才池”。
上世纪50年代清华大学计划将电讯组扩大为无线电子学系，遭到苏联专家的反对，理由是无线电是国防专业，不能放在地方院校。官司打到王诤那里，他顶住“老大哥”的压力，据理力争，支持清华。曾任清华大学无线电子学系主任的吴佑寿院士说：“没有王诤部长就没有这个系，也就没有我们这支队伍。”
王诤真诚地关心、帮助知识分子。对处境困难的知识分子，他伸出温暖之手，给予极大的关怀和信任。杨千里是从“西军电”（西安电子科技大学前身）毕业的业务尖子，在反右中受到不公正对待，党籍被取消，他的思想包袱很重。王诤亲自给他做思想工作，并用自己在国民党军当兵被俘后参加红军的经历现身说法：“我就是俘虏兵出身嘛，党还用我这么多年。”杨千里听了这句话，心里热乎乎的，卸掉了思想包袱，轻装上阵，干出了骄人的业绩。
甘当“小字辈”的副手
作为国家无线电领域的最高领导，王诤不是外行领导内行，而是行家组织专家。
张履谦是清华大学电机工程系毕业的高材生，分配到解放军通信部后，王诤亲自接待他，满怀期望地说：“小伙子，你专心搞出好东西来，你有什么困难我解决。”听了这暖心的话，张履谦浑身都是劲，埋头钻研当时最急需的雷达技术。
1951年，抗美援朝战争处于决战阶段，美军B－29飞机使用电磁波干扰对志愿军补给线进行空袭，形势十分严峻。前线彭德怀给军委发报，要求国内派人“火速去前线解决难题”。根据军委的命令，王诤亲自带着张履谦等赶往朝鲜前线。他们直接下到一个雷达站，张履谦和雷达技师从找出干扰频率着手，不断改变频率，扩展频段，加装抗干扰电路，与敌人展开了一场电子对抗战，很快就使敌机的电磁波干扰失灵，志愿军战鹰又可以不受干扰地起飞截击敌机了。
王诤十分满意张履谦的工作，回国后郑重地对他说：“从现在起，全军的雷达就交给你管了。”并向军委写报告，成立全军雷达干扰与抗干扰领导小组，由张履谦任组长，王诤任副组长。作为军委通信兵的一把手，给一个初出茅庐的“小字辈”当副手，这是何等博大的胸怀。王诤的知遇之恩，激励张履谦为此奋斗了一生。
立“军令状”的底气
1973年初，周恩来把王诤请到西花厅，对他说：“我们的通信卫星很快可以上天，我想在通信卫星发射之前，与之配套的地球站就应建成。否则，眼巴巴地看着卫星吊在空中不能使用。”他还拿出一张尼克松访华时送的卫星通信地球站图片给王诤看，并把自主研制卫星通信地球站的任务交给了他。王诤十分有把握地向周恩来立了3年完成任务的“军令状”。
事后一位老同志问他：“你哪来那么大的底气啊？”他回答：“我的底气来自于我们有一支特别能战斗的专家队伍！”春节一过，王诤就带领四机部技术人员到电子工业实力最雄厚的江苏省，连续49天蹲在工厂、研究所调查研究，组织150多个单位进行技术攻关大会战，终于在1975年底建成我国第一座卫星通信地球站，接收到印度洋上空的国际Ⅳ号卫星的信号，图像清晰，伴音清楚。王诤把这一喜讯报告给周恩来，已经重病在床的周恩来十分满意：“整整3年，言而有信！”
（摘编自《钟山风雨》2017年第4期 梅兴无/文）"
第七版 史事通鉴,“长”与“短”,,"南宋学者胡宏说：“治天下之乱者，必以知人为本。”如何从芸芸众生中识人用人，成为治国理政之关键要素。古人在识人过程中，能够认识到“夫才能参差，大小不同”的个体差异和长短之势，这就为科学用人奠定了扎实基础，在具体用人过程中发扬其优势，规避其短处，让人才发挥重要作用。
雍正任用李卫
雍正为了整治康熙晚年以来风气日下、弊政日生、吏治日坏的社会环境，裁汰冗员，提倡勇于任事、敢于担当的官员，试图矫正不良官风。非科举出身的李卫通过捐资入仕，却得到雍正的赏识和重用，原因在于李卫干事雷厉风行、行而有效，这一特征切中了雍正整顿和改革吏治的初衷。李卫担任云南盐驿道时，整顿盐务取得显著成效，由于政绩卓越，一直做到直隶总督。李卫为雍正实行实政作出巨大贡献，亦成为一代名臣。君臣际遇且宏图大展的成效来源于雍正对李卫的赏识，“知卫才”，这里的“知”是对李卫工作能力优长的了解与洞悉。
然而，李卫并非完人，他也有自己的弱点和缺失。雍正“察卫尚气，屡教诫之”。当雍正得知李卫在云南做官，李卫令人制作“钦用”牌子挂在仪仗队中示众，过于张扬，雍正对其进行教诲：“尔其谨慎，毋忽！”“汝宜勤修涵养，勉为全人，方不负知遇。”李卫在雍正的教诲下，短处得以节制或改正，成为当时颇负盛名的封疆大吏。
管仲力荐五子
但凡能够青史留名的名臣，总是能够恰到好处地发挥自己的长处，鉴别出别人的优势之处，并使之来做工作以弥补自己的短处，最终促成整体事业的成功。齐桓公在鲍叔牙进言“君且欲霸王，非管夷吾不可”之后重用管仲。在管仲的帮助下，成就了齐桓公“九合诸侯，一匡天下”的伟大成就。管仲的高明之处在于能够清晰地看到自己的优长和短板，并且做到扬长避短。
管仲的短板在于不能如专业人才那样施展专业技能，于是他向齐桓公推荐了五个人：“对各种朝班礼仪，我不如隰朋熟悉，请他来做大行吧；开荒种地，充分发挥地利，我不如宁戚在行，请让他来做司田吧；战场之上，能让兵车不乱，士兵不跑，让三军将士视死如归，我不如王子城父，请任命他为大司马吧；判案公正，不滥杀无辜，不冤枉好人，我不如宾胥无，请让他来做大理吧；敢于直谏，不畏权贵，不怕杀头，我不如东郭牙，请他来做大谏吧。”这种客观分析建立在管仲对五子专职才华在自己之上的判断上，他们正好可以补己之短。管仲的长处在于能够准确分析国内外形势，整体上制定决策，然后发挥其他人才的专长去推行决策，取得集体优势，并最终取得成功。
韩滉善用人之“短”
任长避短非常重要。如果让韩信去当谋士，让董仲舒去打仗，让陆贾去办案，恐怕谁也不会创立各自的功勋，所以“任长之道，不可不察”。能将人才的优长发扬光大固然是一件好事，但如果能够将人才的短处转化为长处，更值得借鉴。唐朝有一个大臣叫韩滉，有一天接待了一个别人推荐来求官的年轻人。在接待他的时候，这个年轻人表现出脾气古怪、不懂世故，然而却刚正不阿的特征。如果是别的官员考察这个年轻人，恐怕是不会录用的，因为这样性格和行为特征的人会经不起复杂多变的仕途磨练。可是，韩滉善于把这个官员的所谓“短处”转化为长处，从他的不通人情世故，看到他的铁面无私，于是韩滉派他去仓库当负责人。待他上任后，偷库盗库现象极少发生，该年轻人非常称职地完成了工作任务。在这里我们不得不佩服韩滉精通识人用人中的长短之道，更难能可贵的是将“短”转为“长”，发扬人才的长处。
（摘编自2018年7月2日《学习时报》 石志刚/文）"
第七版 史事通鉴,钱玄同课堂道歉,,"1915年，28岁的钱玄同开始担任北京大学文字学教授，主讲音韵学。当时的他口才流利思维敏捷，讲课时滔滔不绝，风趣诙谐，深受学生们的欢迎。每次轮到钱玄同上课时，教室里总是座无虚席，甚至还有别的院系的学生也慕名前来听他讲课。
一天，当钱玄同在讲授完一堂广东音韵课后，意外地收到了一位广东籍学生李锡予的来信，其在信中直言不讳地对钱玄同讲授内容提出质疑。李锡予表示：“先生虽然学问精深，对音韵学也颇为精通，但南北差异很大，各个地方都有其自己独有的音韵，而您在课堂上却以一概全，显然是有失偏颇的。”
当时，钱玄同身为北大知名教授，在收到学生寄来的质疑信后，本可以一笑了之，但他并没有这样做，而是很认真地将李锡予同学的来信读完，发现对方讲得非常在理。不过为了谨慎起见，钱玄同最后又查阅了相关书籍和资料，事实证明事情果真如李锡予在信中提到的那样。
于是，在下次上课时，钱玄同当众宣读了李锡予的来信，并且表扬他敢于质疑的精神。同时，钱玄同还坦率地承认自己不是广东人，对广东音韵确实不甚了解，所以才在讲课时出现口语发音的错误。最后，他还希望所有同学都能养成独立思考的习惯，对他讲课中的不当之处多多提出批评与纠正。
身为有影响力的人物，钱玄同不耻下问，虚心向学生求教，他这种严肃认真的治学态度，也赢得了广大师生们的尊敬。 （摘编自2月14日《人民政协报》 姚秦川/文）"
第七版 史事通鉴,请关注中国组织人事报 “微信公众号”,,
第八版 视觉新闻,田野上钉下“金钉子”,,"近年来，浙江常山县大力实施农村基层党组织“金钉子”工程，着力解决农村基层党建工作不规范、党组织战斗力不强、党建引领作用不明显、少数党组织软弱涣散等突出问题，取得良好成效。
在事业选人中建强班子。制定“金钉子”党组织考评体系，在队伍建设、制度落实、发展成效、阵地建设、群众认可等五个方面，列出26项评分标准。把干事创业作为第一导向，在换届选举中，将13名履职“不及格”村干部排除在候选人名单之外。动员在外能人回乡参选，75名乡贤能人进入村党组织。对成功创建“金钉子”党组织的示范村给予4万元奖励，年度复评不合格按比例扣除村干部绩效工资。
在大干快上中实现蜕变。把全县180个村划分为“示范村、培育村、软弱落后村”三类，实行分块建设、分类督考、争先晋级、动态管理。各村党支部对标“金钉子”标准，纷纷提出本村创建方案，排出时间表，挂出作战图，投入基层阵地“五室一馆一站一中心”、党建标识“7+X”规范化建设和党建项目立项实施、党建品牌打造等工作。组织乡村两级干部轮流进村开现场会，互相观摩基层党建及中心工作，开展精品示范村比选。目前，全县已建成7条乡村振兴党建示范带，120个基层党建精品示范村，43个村成功创建“金钉子”党组织。
在村庄发展中增强信心。把发展成效作为检验“金钉子”党组织的重要标准，采取项目化管理办法，开展“一季一评一提升”工作，由村支部书记担当项目经理人，大力培养村级经济发展“领头雁”。郭塘村“80后”返乡村支书张荣发展“环保+旅游”项目，村民人均年收入由不到4600元升至8000余元；黄塘村党支部书记廖红俊探索“生态入股 全民分红”模式，发展乡村休闲旅游产业，近两年累计接待游客30余万人次。下猷阁村“土地折价入股”、徐村村“治水富村”……一大批农村经济发展项目如雨后春笋般涌现。
（本版图文由常山县委组织部提供）

同弓乡彤弓山村发展毛豆产业，带动村民增收。图为该村村民手剥毛豆，准备上市销售。

县现代农业园区大力发展采摘游，拓宽群众增收渠道。图为游客在葡萄园采摘。

招贤镇组织党员志愿服务队，进村联系服务群众。图为党员志愿者到樊家村宣传垃圾分类。

金川街道金川弄村发展稻田养鱼项目，壮大集体经济。图为村民在稻田捕鱼。

东案乡田蓬村流转220余亩土地种油菜，发展乡村休闲旅游项目。图为该村党员群众上山施肥。

紫港街道着力增强党员干部宗旨意识，推动发挥先锋模范作用。图为狮东村党员干部转移危旧房中的困难群众。

大桥头乡强化党建引领，推动农村基层党组织履行好组织群众、宣传群众、凝聚群众、服务群众职责。图为新村村党支部书记曾明良调解村民纠纷。"
